2,AD1A-452EF9CE43C4,Responsable de Departamento de Diseño Informático y Estadística,Universidad Autónoma de San Luis Potosí,ago-14,jun-25
3,A747-97D1672F5F4B,COORDINADORA DE ACREDITACIONES,FACULTAD DE INGENIERÍA  UASLP,ene-19,mar-21
4,8676-9B08C03A43C0,Director,Instituto de Metalurgia UASLP,mar-10,ene-21
6,8676-9B08C03A43C0,Jefe de Área de Ingeniería de Minerales,Instituto de Metalurgia UASLP,ene-10,mar-10
7,8676-9B08C03A43C0,Coordinador de Posgrado,Facultad de Ingeniería UASLP,ene-06,dic-09
8,8676-9B08C03A43C0,Coordinadora del Área de Minería y Nuevos Materiales,Sistema de Ciencia Tecnología e Innovación del Estado de San Luis Potosí,mar-18,dic-21
9,B069-0AE3487B4177,SECRETARIA DE LA COMISIÓN DE DESARROLLO CURRICULAR DEL ÁREA MECÁNICA Y ELÉCTRICA,UNIVERSIDAD AUTÓNOMA DE SAN LUIS POTOSÍ,sep-20,sep-22
10,8676-9B08C03A43C0,Consejera,Consejo Estatal de Minería del Estado de San Luis Potosí,feb-12,dic-21
11,8676-9B08C03A43C0,Miembro en Comisión de Investigación y Desarrollo Tecnológico,Universidad Autónoma de San Luis Potosí,may-07,jul-11
12,8A18-84C86D05077C,Presidente de la academia de Materias  Fundamentales,U.A.S.L.P. (Metalurgia y Materiales),mar-04,ago-15
14,8A18-84C86D05077C,Secretario de la academia de Química A,U.A.S.L.P. Depto. Físico Matemático ,dic-05,ago-07
15,8A18-84C86D05077C,Responsable  laboratorio de Microscopía,U.A.S.L.P.  (Metalurgia y Materiales),ene-04,dic-21
16,8A18-84C86D05077C,Responsable  laboratorio de Computación,U.A.S.L.P.  (Metalurgia y Materiales),ago-02,dic-21
17,8A18-84C86D05077C,Encargado de la Sección de Fundición ,U.A.S.L.P.  (CCIM),ene-02,ago-02
18,8A18-84C86D05077C,Encargado de la Sección de Simulación ,U.A.S.L.P.  (CCIM),ago-99,ago-02
19,8793-C272A821451E,Jefe del Departamento de Vinculación de la Facultad de Ingeniería,Universidad Autónoma de San Luis Potosí,jul-20,jun-21
20,898F-BF42CA1693A8,Coordinador del PE Ingeniería Ambiental,Universidad Autónoma de San Luis Potosí,ago-12,jul-20
21,898F-BF42CA1693A8,Líder del Cuerpo Académico Tecnología Ambiental,Universidad Autónoma de San Luis Potosí,ene-10,dic-15
22,898F-BF42CA1693A8,Presidente de la Academia de Química Ambiental,Universidad Autónoma de San Luis Potosí,sep-10,ago-12
23,898F-BF42CA1693A8,Secretario de la Academia de Ingeniería Ambiental,Universidad Autónoma de San Luis Potosí,sep-20,ago-22
24,A441-8582DDCA08DA,Profesor de Cátedra: ?CONTROL TOTAL DE CALIDAD?.,Instituto Tecnológico y de Estudios Superiores de Monterrey  Campus  Edo. de Mex.,ene-99,jul-99
25,A441-8582DDCA08DA,Profesor de Cátedra: ?SISTEMAS DE CALIDAD? y A PARTIR DEL                                FEB/2000 ?CONSULTOR ASOCIADO? EN LA DIRECCIÓN DE                                 GRADUADOS E  INVESTIGACIÓN,Instituto Tecnológico y de Estudios Superiores de Monterrey  Campus  S.L.P.,ago-99,feb-01
26,A441-8582DDCA08DA,Profesor de Cátedra: ?SISTEMAS DE CALIDAD? ,Universidad del Centro de México,ago-05,dic-05
27,A441-8582DDCA08DA,"PROFESOR DE CÁTEDRA: ?CONTROL DE CALIDAD"" y ?FUNDICIÓN?",Universidad Autónoma de San Luis Potosí,ene-00,ago-21
28,8793-C272A821451E,Coordinador de la carrera Ingeniero en Computación,Facultad de Ingeniería  UASLP,mar-16,jun-19
29,B069-0AE3487B4177,EVALUACIÓN DE PROYECTOS DE INVESTIGACIÓN/TESIS DE LICENCIATURA/TESIS DE MAESTRÍA,UNIVERSIDAD AUTÓNOMA DE TAMAULIPAS,sep-15,jun-20
30,B069-0AE3487B4177,SUPLENTE EN LA COMISIÓN DE CATEGORIZACIÓN DE LA FACULTAD DE INGENIERÍA,UNIVERSIDAD AUTÓNOMA DE SAN LUIS POTOSÍ,jul-17,jun-19
31,B069-0AE3487B4177,EVALUACIÓN DE ASPIRANTES A NUEVO PROFESOR DE TIEMPO COMPLETO DE LA FACULTAD DE INGENIERÍA,UNIVERSIDAD AUTÓNOMA DE SAN LUIS POTOSÍ,feb-15,jun-18
32,B069-0AE3487B4177,EVALUACIÓN DE ASPIRANTES A PROFESOR HORA CLASE DE LA FACULTAD DE INGENIERÍA,UNIVERSIDAD AUTÓNOMA DE SAN LUIS POTOSÍ,ene-10,ene-21
33,B069-0AE3487B4177,MIEMBRO DEL CONSEJO TÉCNICO CONSULTIVO DE LA FACULTAD DE INGENIERÍA,UNIVERSIDAD AUTÓNOMA DE SAN LUIS POTOSÍ,abr-14,abr-18
34,B069-0AE3487B4177,EVALUACIÓN DE FORMACIÓN DE RECURSOS HUMANOS EN EL EXTRANJERO,CONSEJO NACIONAL DE CIENCIA Y TECNOLOGÍA,jun-15,jun-17
35,B069-0AE3487B4177,EVALUACIÓN DE SOLICITUDES DE CUERPOS ACADÉMICOS DEL PROGRAMA PARA EL DESARROLLO PROFESIONAL DOCENTE,SUBSECRETARIA DE EDUCACIÓN SUPERIOR,mar-15,jun-16
36,B069-0AE3487B4177,RESPONSABLE DEL LABORATORIO DE CÓMPUTO DISTRIBUIDO DEL PROSGRADO EN COMPUTACIÓN,UNIVERSIDAD AUTÓNOMA DE SAN LUIS POTOSÍ,sep-12,ago-15
37,B069-0AE3487B4177,RESPONSABLE DE LA CREACIÓN DEL DOCTORADO EN COMPUTACIÓN Y SU INCORPORACIÓN AL PNPC,UNIVERSIDAD AUTÓNOMA DE SAN LUIS POTOSÍ,ago-15,sep-19
38,B069-0AE3487B4177,COORDINADORA DEL POSGRADO EN COMPUTACIÓN,UNIVERSIDAD AUTÓNOMA DE SAN LUIS POTOSÍ,sep-12,jun-15
39,B069-0AE3487B4177,INTEGRANTE DEL CUERPO ACADÉMICO CONSOILDADO EN CIENCIAS DE LA COMPUTACIÓN DEL PROGRAMA PARA EL DESARROLLO PROFESIONAL DOCENTE,SUBSECRETARIA DE EDUCACIÓN SUPERIOR,nov-10,jun-15
40,B069-0AE3487B4177,PRESIDENTE DE LA ACADEMIA DE MECATRÓNICA DEL ÁREA MECÁNICA Y ELÉCTRICA DE LA FACULTAD DE INGENIERÍA,UNIVERSIDAD AUTÓNOMA DE SAN LUIS POTOSÍ,jun-12,jun-14
41,B069-0AE3487B4177,MIEMBRO DE LA COMISIÓN DE DESARROLLO CURRICULAR DEL ÁREA MECÁNICA Y ELÉCTRICA DE LA FACULTAD DE INGENIERÍA,UNIVERSIDAD AUTÓNOMA DE SAN LUIS POTOSÍ,jun-09,jun-14
42,B069-0AE3487B4177,RESPONSABLE DEL LABORATORIO DE COMPUTACIÓN INDUSTRIAL DEL ÁREA MECÁNICA Y ELÉCTRICA DE LA FACULTAD DE INGENIERÍA,UNIVERSIDAD AUTÓNOMA DE SAN LUIS POTOSÍ,nov-09,sep-12
43,B069-0AE3487B4177,EVALUACIÓN DE PROPUESTAS DE PROYECTOS,CONSEJO NACIONAL DE CIENCIA Y TECNOLOGÍA,feb-12,feb-12
44,B069-0AE3487B4177,COORDINADORA DE LA CARRERA DE INGENIERO EN COMPUTACIÓN DEL ÁREA DE CIENCIAS DE LA COMPUTACIÓN DE LA FACULTAD DE INGENIERÍA,UNIVERSIDAD AUTÓNOMA DE SAN LUIS POTOSÍ,ago-02,ago-03
45,B069-0AE3487B4177,PRESIDENTE DE LA ACADEMIA DE HARDWARE DEL ÁREA DE CIENCIAS DE LA COMPUTACIÓN DE LA FACULTAD DE INGENIERÍA,UNIVERSIDAD AUTÓNOMA DE SAN LUIS POTOSÍ,jun-01,jun-03
46,B069-0AE3487B4177,COORDINADORA DE LA CARRERA DE INGENIERÍA EN MECATRÓNICA DE LA FACULTAD DE INGENIERÍA,UNIVERSIDAD AUTÓNOMA DE SAN LUIS POTOSÍ,jul-20,jun-24
55,B069-0AE3487B4177,INTEGRANTE DEL CUERPO ACADÉMICO CONSOLIDADO EN ELECTRÓNICA DE POTENCIA Y CONTROL DEL PROGRAMA PARA EL DESARROLLO PROFESIONAL DOCENTE,SUBSECRETARIA DE EDUCACIÓN SUPERIOR,jul-19,dic-24
59,9B40-85375582E264,Miembro Suplente del H. Consejo Técnico Consultivo ,Instituto de Metalurgia  UASLP,abr-15,abr-19
60,9B40-85375582E264,Presidente de la Academia de Ingeniería Ambiental de la carrera de Ingeniería Ambiental ,Facultad de Ingeniería  UASLP,sep-16,feb-19
61,9B40-85375582E264,Secretario de la Academia de Materias fundamentales de la carrera de Ingeniería Metalúrgica y de Materiales,Facultad de Ingeniería  UASLP,mar-14,sep-18
62,9B40-85375582E264,Miembro de la Comisión de Planeación ,Instituto de Metalurgia  UASLP,ene-16,dic-17
63,9B40-85375582E264,Coordinador Académico del posgrado en Ingeniería de Minerales ,Facultad de Ingeniería  UASLP,ene-16,dic-17
64,9B40-85375582E264,Coordinador del Área de Prevención y Control ,Programas Multidisciplinarios de Posgrado en Ciencias Ambientales  UASLP,ago-16,ago-17
65,9B40-85375582E264,Secretario de la Academia de Ingeniería Ambiental de la carrera de Ingeniería Ambiental,Facultad de Ingeniería  UASLP,mar-14,feb-16
66,9B40-85375582E264,Secretario Académico ,Instituto de Metalurgia  UASLP,may-11,sep-15
67,9B40-85375582E264,Responsable de Tecnologías de Información y Conectividad (RTIC,Instituto de Metalurgia  UASLP,ene-10,dic-13
68,9B40-85375582E264,"Líder del Cuerpo Académico ?Metalurgia Extractiva""",Instituto de Metalurgia  UASLP,ene-04,dic-09
69,B43D-248D087AE68A,Responsable del Programa de Formación y Superación de Docentes ,Instituto Tecnológico de Tlalnepantla,ene-82,dic-82
70,B43D-248D087AE68A,-Jefe del Area Mecánica 1986 - 1988,Universidad Autonoma Metropoitana  Unidad Azcapotzalco,ene-86,nov-88
71,B43D-248D087AE68A,Consejero Académico  Representante del área Mecánica,Universidad Autonoma Metropoitana  Unidad Azcapotzalco,jul-85,ago-87
72,8C74-C4500D65B097,Secretario Académico,Instituto de Investigación de Zonas Desérticas  Universidad Autónoma de San Luis Potosí. San Luis Potosí,sep-03,jul-20
73,8C74-C4500D65B097,Coordinador Académico del Programa Multidisciplinario de Posgrado en Ciencias Ambientales,Universidad Autónoma de San Luis Potosí,feb-07,jun-18
74,8C74-C4500D65B097,Coordinador académico del Herbario Isidro Palacios,Instituto de Investigación de Zonas Desérticas  Universidad Autónoma de San Luis Potosí,ene-21,abr-21
75,8E2B-4D4870DDD4AD,Coordinador de la maestria en Metalurgia e Ingenieria de Materiales,Facultad de Ingenieria  UASLP,jul-15,jun-17
76,8E2B-4D4870DDD4AD,Miembro de la Comisión de Evaluación de candidatos para las plazas de Profesores Investigadores de Tiempo Completo  de las carreras de Ingeniería Química e Ingeniería de Alimentos,UASLP,oct-15,dic-15
77,8E2B-4D4870DDD4AD,Miembro de la Comision Colegiada de Categorizacion del Area de Ciencias de la Ingenieria,UASLP,sep-07,mar-21
78,897E-6AC4FB573B57,Presidente de academia de Prevención y control - Área Ciencias de la Tierra,Facultad de ingeniería - Universidad Autónoma de San Luis Potosí,sep-17,ago-19
80,897E-6AC4FB573B57,Responsable de Laboratorio de Remediación Ambiental,Instituto de Metalurgia -  Facultad de Ingeniería,ene-06,may-24
81,897E-6AC4FB573B57,Coordinador Académico del Posgrado en Ingeniería de Minerales,Facultad de ingeniería - Universidad Autónoma de San Luis Potosí,ene-14,dic-15
82,897E-6AC4FB573B57,Coordinador Académico de los Programas Multidisciplinarios de Posgrado en Ciencias Ambientales. ,Facultad de Ingeniería. Universidad autónoma de San Luis Potosí,jun-11,jun-13
83,AC0C-96144F0179CC,Líder de Cuerpo Acdémico,Facultad de Ingeniería UASLP,sep-15,sep-24
84,AC0C-96144F0179CC,Coordinador de la carrera de Ing. Ambiental,Facultad de Ingeniería UASLP,ago-20,ago-24
85,AC0C-96144F0179CC,Presidente de Academia de Ing. Ambiental,Facultad de Ingeniería UASLP,ene-19,ago-20
86,AC0C-96144F0179CC,Secretario de Academia de Ing. Ambiental,Facultad de Ingeniería UASLP,feb-17,sep-18
87,AC0C-96144F0179CC,Coordinador de la Maestría en Tecnología y Gestión del Agua,Facultad de Ingeniería UASLP,sep-15,ago-17
88,AC0C-96144F0179CC,Responsable del  Laboratorio ,Facultad de Ingeniería UASLP,ene-14,ago-19
89,AC0C-96144F0179CC,Presidente de Academia de Evaluación y Gestión Ambietnal,Facultad de Ingeniería UASLP,ene-11,sep-16
90,AC0C-96144F0179CC, Miembro de la comisión de Evaluación de Juicios,Facultad de Ingeniería UASLP,sep-15,ago-16
91,AC0C-96144F0179CC,Promoción de la Carrera de Ing. Ambiental,Facultad de Ingeniería UASLP,ago-10,jul-21
92,903B-247B88A4760C,Coordinador de Laboratorios ,Facultad de Ingeniería de la UASLP.,ene-15,jun-24
93,B84F-623D2FFF368E,Secretaria de la Academia de Materiales.,Área Mecánica y Eléctrica- Facultad de Ingeniería UASLP,sep-18,sep-20
94,B84F-623D2FFF368E,Secretaria de la Academia de Materiales.,Área Mecánica y Eléctrica- Facultad de Ingeniería UASLP,sep-20,sep-22
97,A7AB-C2055831FEE5,Jefe del Área de Ingeniería de Minerales ,Instituto de Metalurgia - Universidad Autónoma de San Luis Potosí,abr-09,dic-16
98,A7AB-C2055831FEE5,Coordinador Académico del Posgrado en Ingeniería de Minerales,Facultad de Ingeniería - Universidad Autónoma de San Luis Potosí,ene-18,ago-20
102,A7AB-C2055831FEE5,Director,Instituto de Metalurgia - Universidad Autónoma de San Luis Potosí,ene-21,jun-24
103,A05B-AE7E97F1800E,Jefe del Departamento de Servicio Social de la Facultad de Ingeniería,Facultad de Ingeniería de las UASLP,ago-17,ago-24
104,A05B-AE7E97F1800E,Jefe del Laboratorio de Paleontología,Facultad de Ingeniería de la UASLP,ago-96,ago-24
105,A05B-AE7E97F1800E,Integrante del H. Consejo Técnico Consultivo de la Facultad de Ingeniería,Facultad de Ingeniería dela UASLP,jun-98,abr-10
106,A05B-AE7E97F1800E,Presidente  de la Academia de Materiales de la Corteza del Área Ciencias de la Tierra.,Facultad de Ingeniería de la UASLP,abr-10,feb-12
107,A05B-AE7E97F1800E,Coordinador de la Carrera de Geología,Área Ciencias de la Tierra de la Facultad de Ingeniería de las UASLP,ene-00,jun-10
113,A05B-AE7E97F1800E,Secretario de la Academia de Materiales de la Corteza del Área Ciencias de la Tierra.,Área Ciencias de la Tierra de la Facultad de Ingeniería de la UASLP,feb-00,mar-02
114,8676-9B08C03A43C0,Miembro del comité externo evaluador,Centro de Investigación y Desarrollo Tecnológico en Electroquímica,ene-21,abr-23
115,B28E-F8E515736A4E,Coordinadora del Posgrado de Tecnología y Gestión del Agua,Universidad Autónoma de San Luis Potosí  Facultad de Ingeniería,sep-13,sep-15
116,B28E-F8E515736A4E,Responsable del laboratorio de Ciencias Ambientales I,Universidad Autónoma de San Luis Potosí  Facultad de Ingeniería,oct-10,sep-20
117,B28E-F8E515736A4E,Responsable del laboratorio de Tratamiento de aguas residuales,Universidad Autónoma de San Luis Potosí  Facultad de Ingeniería,sep-13,abr-21
122,B28E-F8E515736A4E,Presidente de academia Quimica ambiental,Universidad Autónoma de San Luis Potosí  Facultad de Ingeniería,sep-14,sep-18
123,B28E-F8E515736A4E,Presidente de academia Quimica ambiental,Universidad Autónoma de San Luis Potosí  Facultad de Ingeniería,sep-14,sep-18
124,B28E-F8E515736A4E,Secretaria de Academia,Universidad Autónoma de San Luis Potosí  Facultad de Ingeniería,oct-10,ago-14
125,9530-9ECECA695F0B,Miembro de la Comisión Evaluadora de los NPTC  Coordinación Académica Región Huasteca Sur,UASLP,ene-13,dic-19
126,9530-9ECECA695F0B, Miembro del Comité Académico de la Coordinación Académica Región Huasteca Sur, UASLP,ene-13,jun-18
127,9530-9ECECA695F0B, UASLP,UASLP,oct-13,jun-18
128,8012-B07EC3B654AF,Presidenta de Academia de Desarrollo Empresarial,Fac. de Ingeniería  UASLP,sep-16,sep-20
129,8012-B07EC3B654AF,Secretaria de Academia de Desarrollo Empresarial,Fac. de Ingeniería  UASLP,sep-20,abr-20
130,B548-C001774C5E41,PROFESOR HORA CLASE,UASLP,ago-17,dic-21
131,B548-C001774C5E41,SECRETARIO ACADEMIA DE GESTION DEL RIESGO,UASLP,ago-18,jul-21
132,9FEF-FEB0A53EA59D,Director de la Agenda Ambiental,Universidad Autónoma de San Luis Potosí,mar-19,oct-22
133,9FEF-FEB0A53EA59D,Presidente de la Academia Gestión y Evaluación Ambiental de la Licenciatura en Ingeniería Ambiental,Universidad Autónoma de San Luis Potosí,sep-20,sep-22
134,9FEF-FEB0A53EA59D,Presidente Academia de Recursos Bióticos,Universidad Autónoma de San Luis Potosí,mar-14,feb-16
135,9FEF-FEB0A53EA59D,Tutor académico de María Murillo Martín para beca maestría,Consejo Potosino de Ciencia y Tecnología,sep-14,ago-16
136,9FEF-FEB0A53EA59D,Evaluador Premio San Luis Potosí de Tecnología e Innovación,Cámara Nacional de la Industria de la Transformación,mar-15,ago-15
137,9FEF-FEB0A53EA59D,Responsable del programa universitario Unihuerto,Universidad Autónoma de San Luis Potosí,mar-13,dic-21
138,9FEF-FEB0A53EA59D,Comité Académica Maestría en Tecnología y Gestión del Agua,Universidad Autónoma de San Luis Potosí,ago-11,may-20
139,9FEF-FEB0A53EA59D,Comité Académico Programa Multidisciplinario de Posgrado en Ciencias Ambientales Maestría,Universidad Autónoma de San Luis Potosí,ene-12,dic-21
140,9FEF-FEB0A53EA59D,Comité Académico Programa Multidisciplinario de Posgrado en Ciencias Ambientales Doctorado,Universidad Autónoma de San Luis Potosí,ene-12,jun-19
141,9FEF-FEB0A53EA59D,Comité Académico Maestría Interdisciplinaria en Ciudades Sostenibles,Universidad Autónoma de San Luis Potosí,may-20,jun-24
142,9FEF-FEB0A53EA59D,Secretario de la Academia de Recursos Bióticos de la Licenciatura en Ingeniería Ambiental,Universidad Autónoma de San Luis Potosí,ene-12,ene-14
143,9FEF-FEB0A53EA59D,Comisión para la creación de la Licenciatura en Biología Facultad de Ciencias,Universidad Autónoma de San Luis Potosí,ene-10,feb-11
144,9FEF-FEB0A53EA59D,Secretario de la Academia Gestión y Evaluación Ambiental de la Licenciatura en Ingeniería Ambiental,Universidad Autónoma de San Luis Potosí,sep-18,sep-20
147,B260-9109B86AFBA4,Secreraria de la academia de gestión y evaluación ambiental,Universidad Autónoma de San Luis Potosí,sep-22,sep-24
150,BC92-8E3D54432C8E,Secretario de planeación,Universidad Autónoma de San Luis Potosí  Facultad de Ingeniería,jul-20,jun-24
151,BC92-8E3D54432C8E,Jefe de laboratorio de análisis digital de imágenes y sistemas de información geográfica en el Área de Ciencias de la Tierra,Universidad Autónoma de San Luis Potosí  Facultad de Ingeniería,ene-14,dic-21
152,BC92-8E3D54432C8E,Jefe de laboratorio de computación aplicada I,Universidad Autónoma de San Luis Potosí  Facultad de Ingeniería  Área Ciencias de la Tierra,ene-16,dic-21
153,BC92-8E3D54432C8E,Representante TIC del Área de Ciencias de la Tierra,Universidad Autónoma de San Luis Potosí  Facultad de Ingeniería,ene-16,dic-21
154,BC92-8E3D54432C8E,Integrante Titular de la Comisión de Categorización,Universidad Autónoma de San Luis Potosí  Facultad de Ingeniería,jun-19,jun-21
155,BC92-8E3D54432C8E,Presidente de la academia de geología aplicada en el Área de Ciencias de la Tierra,Universidad Autónoma de San Luis Potosí  Facultad de Ingeniería,sep-16,sep-18
156,BC92-8E3D54432C8E,Consejero Técnico Suplente del Área Ciencias de Ia Tierra,Universidad Autónoma de San Luis Potosí  Facultad de Ingeniería,abr-14,abr-16
157,BC92-8E3D54432C8E,Consejero Técnico Titular del Área Ciencias de Ia Tierra,Universidad Autónoma de San Luis Potosí  Facultad de Ingeniería,abr-18,jun-20
158,8780-3F2C8DA8FB2D,Coordinador General de Posgrados,Universidad Autónoma de San Luis Potosí,jun-00,jul-08
159,8780-3F2C8DA8FB2D,Secretario de Planeación,Universidad Autónoma de San Luis Potosí,jul-08,jun-16
160,8780-3F2C8DA8FB2D,Jefe del Área de Investigación y Posgrado,Universidad Autónoma de San Luis Potosí,ago-16,jun-20
163,8780-3F2C8DA8FB2D,Secretario General de la Facultad,Universidad Autónoma de San Luis Potosí,jul-20,jul-21
164,8B57-58A0B378F8A1,Secretaria Académica del Instituto de Metalurgia,Universidad Autónoma de San Luis Potosí,jul-15,dic-21
165,8B57-58A0B378F8A1,Coordinadora de la Maestría en Metalurgia e Ingeniería de Materiales,Universidad Autónoma de San Luis Potosí,jun-99,dic-06
166,8B57-58A0B378F8A1,Miembro titular del Consejo Técnico Consultivo del Instituto de Metalurgia,Universidad Autónoma de San Luis Potosí,mar-08,feb-12
167,8B57-58A0B378F8A1,Representante titular en la Comisión de Recategorización en la Secretaría Académica de la UASLP,Universidad Autónoma de San Luis Potosí,ene-05,dic-06
168,8B57-58A0B378F8A1,Presidente de la Academia de Materiales del Área Mecánica Eléctrica de la Facultad de Ingeniería,Universidad Autónoma de San Luis Potosí,abr-08,dic-13
169,8B57-58A0B378F8A1,Miembro del Comité Académico de la Maestría en Metalurgia e Ingeniería de Materiales,Universidad Autónoma de San Luis Potosí,jul-99,abr-21
170,8B57-58A0B378F8A1,Miembro del Comité Académico del Doctorado Institucional de Ciencia e Ingeniería de Materiales,Universidad Autónoma de San Luis Potosí,ene-06,abr-21
171,8B57-58A0B378F8A1,Presidenta de la Academia de Materiales y Manufactura del Área Mecánica Eléctrica de la Facultad de Ingeniería,Universidad Autónoma de San Luis Potosí,jun-01,jun-03
174,B91E-9B0E4E43E39D,JEFE DEL CENTRO DE CAPACITACION EN INGENIERIA DE MATERIALES,Universidad Atonoma de San Luis Potosi,sep-18,NULL
175,B123-7C877DBA76B8,Coordinador Metalurgia extractiva.,Universidad Autónoma de San Luis Potosí.,ago-81,sep-84
176,B123-7C877DBA76B8,Jefe de Área deMetalurgia.,Universidad Autónoma de San Luis Potosí.,oct-84,ene-88
177,B123-7C877DBA76B8,Coordinador responsable del C. C. I. M.,Universidad Autónoma de San Luis Potosí.,ene-98,jul-08
178,966D-6081F3B5473F,DIRECTOR INTERINO,INSTITUTO DE GEOLOGÍA  UASLP,oct-03,nov-03
179,966D-6081F3B5473F,SECRETARIO ACADÉMICO ITERINO,INSTITUTO DE GEOLOGÍA  UASLP,nov-03,abr-04
184,966D-6081F3B5473F,SECRETARIO ACADÉMICO,INSTITUTO DE GEOLOGÍA  UASLP,may-04,abr-21
185,966D-6081F3B5473F,"LIDER DE CUERPO ACADÉMICO ""GEODINÁMICA Y EVOLUCIÓN DE LA CORTEZA""",DES INGENIERÍA  UASLP,abr-04,feb-19
186,8B62-87B4C529460A,Secretaria general ,Instituto de Metalurgia UASLP,ene-89,feb-92
187,8B62-87B4C529460A,Coordinador Académico de la Maestría en Metalurgia e Ingeniería de Materiales,Facultad de Ingeniería UASLP,jun-09,ago-13
188,8B62-87B4C529460A,Coordinador Académico Diplomado en Ingeniería de Materiales,Instituto de Metalurgia UASLP,ene-12,sep-12
189,8B62-87B4C529460A,Jefe del área de Ingeniería de Materiales,Instituto de Metalurgia UASLP,ene-16,jul-24
190,8B55-2FD9C2CDB9DB,Consejero propietario: H Consejo Técnico Consultivo Facultad de Ingeniería,Universidad Autónoma de San Luis Potosí,jul-20,mar-22
191,8B55-2FD9C2CDB9DB,Coordinador académico: Maestría en Tecnología y Gestión del Agua ,Universidad Autónoma de San Luis Potosí,sep-19,feb-22
192,8B55-2FD9C2CDB9DB,Consejero suplente: H Consejo Técnico Consultivo Facultad de Ingeniería,Universidad Autónoma de San Luis Potosí,abr-18,jun-20
193,8B55-2FD9C2CDB9DB,Presidente de academia: Recursos Bióticos ,Universidad Autónoma de San Luis Potosí,sep-16,ago-20
194,8B55-2FD9C2CDB9DB,Secretario de academia: Recursos Bióticos,Universidad Autónoma de San Luis Potosí,sep-14,ago-16
195,8B55-2FD9C2CDB9DB,Secretario de academia: Prevención y Control,Universidad Autónoma de San Luis Potosí,jul-13,ago-14
197,8B55-2FD9C2CDB9DB,Responsable de Laboratorio de Ciencias Ambientales III,Universidad Autónoma de San Luis Potosí,ago-12,ago-23
208,8B62-87B4C529460A,Actividades de Divulgación.    ,Instituto de Metalurgia UASLP,ene-15,jul-24
209,8B62-87B4C529460A,Actividades de divulgación Ferias Municipales de Ciencia en los municipios de Villa de Reyes Rioverde  Cd. Fernández  SLP  apoyado por el Consejo Potosino de Ciencia y Tecnología  Coordinador del Grupo de Divulgación del Instituto de Metalurgia.,NULL,ene-18,dic-18
210,8B62-87B4C529460A,Miembro del Comité organizador Encuentros Estatales de Jóvenes investigadores del estado de SLP,UASLP  ITRSLP  UVM,abr-13,nov-23
211,91D7-34FF3F297B62,Coordinador de la Vinculación y Encargado de Prácticas Profesionales de la carrera de Ingeniería Ambiental,UASLP,sep-08,may-24
212,91D7-34FF3F297B62,Coordinador del Proyecto: ?Cooperación México-Francia para la Formación de Ingenieros en Química Verde? ,UASLP-SEP-Programa Mexfitec,ago-17,ago-19
213,91D7-34FF3F297B62,Presidente de la Academia de Gestión y Evaluación Ambiental,UASLP,sep-16,oct-20
214,91D7-34FF3F297B62,Miembro de la Comisión de Desarrollo Curricular del Área de Ciencias de la Tierra,UASLP,sep-16,oct-20
215,91D7-34FF3F297B62,Jefe del Departamento de Vinculación de la Facultad de Ingeniería,UASLP,ago-18,jul-20
216,91D7-34FF3F297B62,Miembro del Comité Académico de los Programas Multidisciplinarios de Posgrado en Ciencias Ambientales,UASLP,feb-16,jun-20
217,87F8-E1F97A6359BE,PROFESOR HORA CLASE,UASLP,ago-11,ago-16
218,9530-9ECECA695F0B,Miembro de la Comisión Auxiliar del Programa de Estímulos al Desarrollo Docente  Facultad de Ingeniería,UASLP,jun-16,jun-22
219,9530-9ECECA695F0B,Coordinador de Tutoría  Facultad de Ingeniería,UASLP,ago-18,jun-22
220,9530-9ECECA695F0B,Secretario de la Academia de Recursos Bióticos. Ingeniería Ambienta,UASLP,sep-20,jun-22
221,9AC3-2DA92C92DF7C,Coordinador Academico del Posgrado en Ingeniería de Minerales,Universidad Autónoma de San Luis Potosí,sep-20,ago-22
225,9AC3-2DA92C92DF7C,Responsable del Laboratorio de Beneficio de Materiales,Universidad Autónoma de San Luis Potosí,ene-19,ago-21
226,9AC3-2DA92C92DF7C,Gestion y vinculación en empresas del ramo Minero-Metalurgico para obtener espacios de practicas profesionales,Universidad Autónoma de San Luis Potosí,feb-19,ago-21
227,9AC3-2DA92C92DF7C,Difusión y divulgación de la carrera de Ingeniero Metalurgista y de Materiales,Universidad Autónoma de San Luis Potosí,ago-18,ago-21
228,9AC3-2DA92C92DF7C,Miembro de la Academia de Materias de Apoyo,Universidad Autónoma de San Luis Potosí,ene-19,ago-21
229,9AC3-2DA92C92DF7C,Miembro de la Academia de Materias de Extractiva,Universidad Autónoma de San Luis Potosí,ene-19,ago-21
230,A5A7-43F2C26C43A5,Coordinadora académica del Posgrado en Geología Aplicada,Universidad Autónoma de San Luis Potosí Facultad de Ingeniería,nov-20,nov-22
231,A5A7-43F2C26C43A5,Líder Grupo de divulgación Fossilia,Universidad Autonoma de San Luis Potosi Facultad de Ingeniería,may-19,may-24
232,A5A7-43F2C26C43A5,Presidenta Academia Materiales de la Corteza,Universidad Autonoma de San Luis Potosi,ago-20,may-24
237,8B2B-86A0682C7ECD,Direcctor,Universidad Autónoma de San Luis Potosí  Instituto de Geología,ene-01,ene-21
238,9F2E-690464EFFA85,Secretario Academia Materiales de la Corteza  ACT  Programa de Ingeniería en Geología,Universidad Autónoma de San Luis Potosí/Facultad de Ingeniería,may-16,sep-20
239,9F2E-690464EFFA85,Presidente Academia Geología Básica  ACT  Programa de Ingeniería en Geología,Universidad Autónoma de San Luis Potosí/Facultad de Ingeniería,sep-16,sep-20
240,9F2E-690464EFFA85,Responsable del Laboratorio de Petrografía. ACT/Programa de Ingeniería en Geología,Universidad Autónoma de San Luis Potosí/Facultad de Ingeniería,ago-17,may-21
241,9F2E-690464EFFA85,Coordinador Programa de Ingeniería en Geología,Universidad Autónoma de San Luis Potosí/Facultad de Ingeniería,jul-20,may-21
242,A16C-AFA7E8FEEA6F,Jefe del Area de Formación Humanística,Facultad de Ingeniería UASP,ene-18,jun-20
243,A16C-AFA7E8FEEA6F,Tutora,Bachillerato Marista,ene-13,dic-15
244,AB90-245EB7372B3D,Coordinadora de LAboratorios Administrativos,UNIVERSIDAD AUTONOMA DE SAN LUIS POTOSI,feb-13,jul-19
245,AB90-245EB7372B3D,Aplicador del examen de ingreso EXANI -II,UNIVERSIDAD AUTONOMA DE SAN LUIS POTOSI,jul-18,jul-18
246,AB90-245EB7372B3D,"Coordinadora de ""Jornadas Puertas abiertas""",UNIVERSIDAD AUTONOMA DE SAN LUIS POTOSI,ene-18,mar-18
247,A319-B3099653A086,Coordinador del Posgrado de Maestría en Ciencias en Geología Aplicada,Universidad Autónoma de San Luis Potosí,sep-16,ago-18
248,AECC-3717A5139483,JEFE DEL ÁREA AGROINDUSTRIAL,UNIVERSIDAD AUTÓNOMA DE SAN LUIS POTOSÍ,ago-08,jul-20
249,AECC-3717A5139483,MIEMBRO DE LA COMISIÓN DE PLANEACIÓN DE LA FACULTAD DE INGENIERÍA,UNIVERSIDAD AUTÓNOMA DE SAN LUIS POTOSÍ,ago-08,jul-20
250,AECC-3717A5139483,MIEMBRO DE LA COMISIÓN TÉCNICA DE LA COORDINACIÓN ACADÉMICA DE LA REGIÓN ALTIPLANO OESTE,UNIVERSIDAD AUTÓNOMA DE SAN LUIS POTOSÍ,jun-15,may-21
251,AECC-3717A5139483,MIEMBRO DEL NÚCLEO BÁSICO DEL POSTGRADO EN TECNOLOGÍA Y GESTIÓN DEL AGUA,UNIVERSIDAD AUTÓNOMA DE SAN LUIS POTOSÍ,sep-01,may-21
252,AECC-3717A5139483,MIEMBRO DEL COMITÉ DE INVESTIGACIÓN Y DESARROLLO,UNIVERSIDAD AUTÓNOMA DE SAN LUIS POTOSÍ,jun-20,may-21
253,BF99-069AB1B1876E,Jefe de laboratorio de análisis de agua y suelo,Universidad Autónoma de San Luis Potosí,ago-13,dic-24
254,BF99-069AB1B1876E,Coordinador de laboratorios del Área de Ciencias de la Tierra,Universidad Autónoma de San Luis Potosí,sep-18,dic-21
255,BF99-069AB1B1876E,Presidente de la Academia de Química Ambiental,Universidad Autónoma de San Luis Potosí,sep-18,sep-22
256,BF99-069AB1B1876E,Secretaria de la Academia de Química Ambiental,Universidad Autónoma de San Luis Potosí,sep-16,sep-18
257,9F70-631542E15748,Coordinadora del Posgrado de Geología Aplicada,UNIVERSIDAD AUTÓNOMA DE SAN LUIS POTOSI,ago-18,jul-20
258,9F70-631542E15748,Presidenta de la Academia de Geomática Aplicada,UNIVERSIDAD AUTÓNOMA DE SAN LUIS POTOSI,ago-16,jul-18
269,A319-B3099653A086,Miembro activo de la Academia Materiales de la Corteza,Universidad Autónoma de San Luis Potosí  Facultad de Ingeniería,sep-11,dic-24
270,A319-B3099653A086,Miembro Activo de la Academia Geología Básica,Universidad Autónoma de San Luis Potosí  Facultad de Ingeniería,sep-11,dic-24
271,A319-B3099653A086,Miembro Activo del Cuerpo Académico Geodinámica y Materiales de la Corteza,Facultad de Ingeniería  Universidad Autónoma de San Luis Potosí,feb-12,dic-24
272,A319-B3099653A086,Miembro Activo del Comité Académico del Posgrado en Geología Aplicada,Facultad de Ingeniería  Universidad Autónoma de San Luis Potosí,ene-12,dic-21
273,9CD4-C3F1E58742DD,Coordinador de la Carrera de Metalurgia y Materiales,Universidad Autónoma de San Luis Potosí,ene-13,dic-15
274,9CD4-C3F1E58742DD,Secretario de Planeación de la Facultad de Ingeniería,Universidad Autónoma de San Luis Potosí,ene-17,jun-20
276,9CD4-C3F1E58742DD,Jefe del Area de Metalurgia y Materiales,Universidad Autónoma de San Luis Potosí,jun-20,dic-28
277,8F89-F58A927A68DD,Coordinación,Universidad Autónoma de San Luis Potosí,sep-19,jun-25
278,961E-D1D3CBCC7E87,Secretaria Academica,Universidad Autonoma de San Luis Potosí,ene-21,jun-21
279,A789-29AD6B988B66,Coordinador del Área de Recursos Naturales del Programa Multidisciplinario de Posgrado en Cs. Ambientales de ,UASLP,ago-18,abr-19
280,A789-29AD6B988B66,Presidente de la Academia de Geología Aplicada,UASLP  Fac. de Ingeniería  Ciencias de la Tierra,sep-20,jun-21
281,A789-29AD6B988B66,Secretario Académico del Instituto de Investigación de Zonas Desérticas,UASLP,ene-21,dic-23
282,ABEE-70E67AFB9226,Secretario de la Academia de Ingeniería Ambiental,UASLP. Ciencias de la Tierra,sep-18,sep-20
283,ABEE-70E67AFB9226,Presidente de la Academia de Ingeniería Ambiental,UASLP  Ciencias de la Tierra,sep-20,sep-22
284,ABEE-70E67AFB9226,Secretario de la Academia de Geología Aplicada,UASLP  Ciencias de la Tierra,sep-20,sep-22
285,96BA-EB25A6DA1F69,Secretario de Academia Prevencion y Control,FI-UASLP,mar-14,ago-16
286,96BA-EB25A6DA1F69,Presidente de la Academia de Geologia de Exploración,FI-UASLP,ago-20,ago-22
287,96BA-EB25A6DA1F69,Evaluación de participantes a convocatorias de plazas de profesores asignatura (PHC). Emitidas de julio a diciembre del 2015 (tres plazas evaluadas). ,Facultad de Ingenieria-UASLP,jul-15,dic-15
288,96BA-EB25A6DA1F69,Participación como sinodal en exámenes profesionales,Facultad de Ingenieria-UASLP,nov-15,abr-21
289,96BA-EB25A6DA1F69,Miembro de la Comisión curricular de la carrera de Ingeniería de minerales  2016.,Coordinación académica región altiplano (COARA) de la Universidad Autónoma de San Luis Potosí,ago-16,sep-16
290,96BA-EB25A6DA1F69,Elaboración de los programas analíticos de la materia de Yacimientos Minerales para la carrea de Ingeniería de Minerales,Coordinación académica región altiplano (COARA) de la Universidad Autónoma de San Luis Potosí,ago-16,sep-16
291,96BA-EB25A6DA1F69,Elaboración de los programas analíticos de la materia de Topografía para la carrea de Ingeniería de Minerales ,Coordinación académica región altiplano (COARA) de la Universidad Autónoma de San Luis Potosí. ,ago-16,sep-16
292,96BA-EB25A6DA1F69,Elaboración de los programas analíticos de la materia de Seguridad e Higiene para la carrea de Ingeniería de Minerales,Coordinación académica región altiplano (COARA) de la Universidad Autónoma de San Luis Potosí. ,ago-16,sep-16
293,B2B9-C9CB95F55072,Presidente de Academia (Geología de exploración),Universidad Autónoma de San Luis Potosí  Facultad de Ingeniería  área de Ciencias de la Tierra (geología),sep-18,sep-20
294,8B07-A4FEB5EE43AD,Coordinador de Vinculación Área Ciencias de la Tierra,Universidad Autónoma de San Luis Potosí,ene-08,may-21
295,8B07-A4FEB5EE43AD,Jefe de Departamento de Vehículos y programación de practicas,Universidad Autónoma de San Luis Potosí,mar-85,nov-18
296,8E44-4CD5A2183D30,Coordinador de posgrado ,Universidad Autónoma de San Luis potosí,ago-10,ago-12
297,8E44-4CD5A2183D30,Consejo maestro del Instituto de Geología ,Universidad Autónoma de San Luis potosí,mar-16,may-21
298,8E44-4CD5A2183D30,Miembro del comité de investigación Facultad de Ingeniería ,Universidad Autónoma de San Luis potosí,sep-18,sep-20
299,8E44-4CD5A2183D30,Miembro del comité del posgrado en Geología Aplicada,Universidad Autónoma de San Luis potosí,ago-18,ago-20
310,B0BC-B5007BAAE968,Responsable del Laboratorio de Computación Aplicada del Área Civil,Facultad de ingeniería  UASLP,oct-19,ago-21
311,9F2E-690464EFFA85,Tutor académico. Programa de tutoría a alumnos,Universidad Autónoma de San Luis Potosí/Facultad de Ingeniería,ago-16,jun-21
312,8124-EC5803EE2762,Secretario de Academia de Geología Aplicada,Área Ciencias de la Tierra de la Universidad Autónoma de San Luis Potosí,ago-18,ago-20
313,8124-EC5803EE2762,Sinodal de exámenes profesionales para alumnos de Ingeniera de la Uaslp.,Facultad de Ingeniería de la Universidad Autónoma de San Luis Potosí,ene-15,dic-20
314,997A-AB1828654532,Técnico académico hora laborada,Universidad Autónoma de San Luis Potosí,feb-09,jun-24
315,997A-AB1828654532,Profesor de asignatura,Universidad Autónoma de San Luis Potosí,ago-10,jun-24
316,997A-AB1828654532,Responsable de laboratorio de Cristalografía y Mineralogía,Universidad Autónoma de San Luis Potosí,ago-13,jun-24
317,997A-AB1828654532,"Secretario de academia ""Geología Básica""",Universidad Autónoma de San Luis Potosí,mar-14,feb-16
318,997A-AB1828654532,"Secretario de academia ""Geología Básica""",Universidad Autónoma de San Luis Potosí,mar-13,feb-15
319,997A-AB1828654532,"Secretario de academia ""Geología Básica""",Universidad Autónoma de San Luis Potosí,mar-11,feb-13
320,AE08-4698961972FC,DIRECTOR,ESCUELA PREPARATORIA DE NAICA,jul-80,jun-86
321,B9A1-61C42F25B3C7,Secretaria Academia de Geología Básica,Facultad de Ingeniería  U.A.S.L.P.,sep-16,sep-20
322,B9A1-61C42F25B3C7,Presidente Academia Geología Básica,Facultad de Ingeniería  U.A.S.L.P.,sep-20,jun-21
323,A171-3BA9BB00F6BF,Coordinadora de Grupo de Profesores que imparten el Curso de Preparación EGEL en el programa de Ingeniería Civil. ,Universidad Autónoma de San Luis Potosí,feb-20,ago-20
324,A171-3BA9BB00F6BF,Coordinadora de Grupo de Profesores que imparten el Curso de Preparación EGEL en el programa de Ingeniería Civil. ,Universidad Autónoma de San Luis Potosí,ago-20,feb-21
328,A671-CCC4DB53F52B,Jefe del Área Ciencias de la Tierra,Facultad de Ingeniería-UASLP,abr-04,jun-25
329,8B9E-D37B05FCF21B,SECRETARIO - ACADEMIA DE TÉCNICAS DE APRENDIZAJE DEL ÁREA DE MATERIAS COMÚNES,UNIVERSIDAD AUTÓNOMA DE SAN LUIS POTOSÍ - FACULTAD DE INGENIERÍA,mar-06,feb-08
330,86D1-5462E241766C,Secretaría Académica de la Facultad de Ingeniería,Universidad Autónoma de San Luis Potosí,ago-12,jun-20
333,86D1-5462E241766C,Director de la Facultad de Ingeniería,Universidad Autónoma de San Luis Potosí,jul-20,jun-24
334,86D1-5462E241766C,Coordinador de Investigación en el Centro de investigación y Estudios de Posgrado de la Facultad de Ingeniería,Universidad Autónoma de San Luis Potosí,sep-09,ago-12
335,86D1-5462E241766C,Coordinador del Posgrado en Ing. Eléctrica ,Universidad Autónoma de San Luis Potosí,feb-97,sep-02
336,9FD7-04AA740996E7,Representante Maestro al Consejo Consultivo de la Preparatoria Diurna No. 1,UNIVERSIDAD AUTONOMA DE SAN LUIS POTOSI,feb-79,jun-83
347,8848-48AE333AF935,Responsable de Centro de Servicio de Computación del Área Mecánica   y  Eléctrica,Universidad Autónoma de San Luis Potosí  Facultad de Ingeniería,ene-97,NULL
348,8848-48AE333AF935,Secretario de Academia de Dibujo,Universidad Autónoma de San Luis Potosí  Facultad de Ingeniería,ene-21,NULL
349,8848-48AE333AF935,Presidente de Academia de Dibujo,Universidad Autónoma de San Luis Potosí  Facultad de Ingeniería,ene-10,ene-12
358,A8BC-DB8861AF4656,COORDINADOR CARRERA  DE  MECANICO  ELECTRICISTA,FAC.  INGENIERIA    UASLP,ago-70,ago-71
359,A8BC-DB8861AF4656,CONSEJERO  MAESTRO,FAC.  INGENIERIA    UASLP,may-72,may-84
360,A8BC-DB8861AF4656,DIRECTOR,FAC.  INGENIERIA    UASLP,jun-84,jun-88
361,A8BC-DB8861AF4656,SECRETARIO  GENERAL,UASLP,sep-88,dic-94
362,A8BC-DB8861AF4656,RECTOR,UASLP,ene-95,abr-04
363,A8BC-DB8861AF4656,MIEMBRO  JUNTA  SUPREMA  DE  GOBIERNO,UASLP,abr-08,abr-21
364,A8BC-DB8861AF4656,MIEMBRO  DEL  CONSEJO  NACIONAL,ANUIES,abr-00,abr-04
366,A8BC-DB8861AF4656,COORDINADOR  DEL  PROGRAMA DE  ANALISIS  Y  SOLUCIONES  DE  LA  PROBLEMATICA  DE  LAS  PENSIONES  Y  JUBILACIONES  DE  LAS  IES,ANUIES,abr-00,abr-04
367,A8BC-DB8861AF4656,ASESOR  ACADEMICO  DEL  RECTOR,UNIV.  AUTONOMA  DE  COAHUILA,sep-04,sep-08
369,A8BC-DB8861AF4656,FUNDADOR  DE  LA  UNION  DE  ASOC. DEL  PERSONAL  ACADEMICO . SINDICATO,UASLP,jul-78,jul-78
370,A8BC-DB8861AF4656,PRESIDENTE  DE  LA  ASOCIACION  DEL  PERSONAL  ACADEMICO  ,FAC.  INGENIERIA    UASLP,jul-78,abr-84
371,A8BC-DB8861AF4656,SECRETARIO  DEL  INTERIOR  DE  LA  UAPA,UASLP,jul-78,abr-84
372,A8BC-DB8861AF4656,PROFESOR  DE  DIFERENTES  ASIGNATURAS .  ACTUALMENTE  EN  LA  MATERIA  DE  LIDERAZGO    DESDE  1997 A  2021,FAC.  INGENIERIA    UASLP,feb-63,jun-21
373,8B9E-D37B05FCF21B,VOCAL,Asociación de Personal Académico de la Facultad de Ingerniería (APAFI),oct-15,oct-17
374,8B9E-D37B05FCF21B,SECRETARIA,Asociación de Personal Académico de la Facultad de Ingerniería (APAFI),oct-13,oct-15
378,B09A-8AF795E144FC,JEFA DEL DEPARTAMENTO DE PRODUCCION AUDIOVISUAL,FACULTAD DE INGENIERIA ,ago-14,jun-21
379,8DA2-BF0ED1B77A29,Coordinador de la Estrategia Educativa Digital,Universidad Autónoma de San Luis Potosí / Facultad de Ingeniería,jul-20,dic-28
380,A64C-59DFAE96FC05,Director Académico,Universidad Marista de San Luis Potosí,ago-04,jun-21
381,A64C-59DFAE96FC05,Jefe de área de Formación Humanística,Universidad Autónoma de San Luis Potosí,jul-20,jun-21
382,9342-061E0F0BC6B4,Presidenta de la Academia de Termodinámica,Universidad Autónoma de San Luis Potosí,sep-20,sep-22
384,BB8F-435F127F2A7E,Secretario de la Academia de Integración de Proyectos de Ingeniería,UASLP,ago-14,ago-16
385,BB8F-435F127F2A7E,Presidente de la Academia de Integración de Proyectos de Ingeniería,UASLP,ago-16,ago-20
386,BB8F-435F127F2A7E,Secretario de la Academia de Integración de Proyectos de Ingeniería,UASLP,ago-20,jul-21
387,BB8F-435F127F2A7E,Presidente de la Academia de Diseño,UASLP,ago-20,jul-21
404,B311-E68931130BE5,Coordinador del Posgrado en Ingeniería de Minerales,Universidad Autónoma de San Luis Potosí,ene-12,dic-13
405,B311-E68931130BE5,Jefe del Área de Ingeniería de Minerales,Universidad Autónoma de San Luis Potosí,feb-06,dic-09
406,8802-DF575AF48C52,Evaluador y Asesor de ?Proyecto Integrador?          ,Área Mecánica Eléctrica  Facultad de Ingeniería  U. A. S. L. P. ,may-18,jul-21
407,8802-DF575AF48C52,Jefe del departamento de Mantenimiento y Conservación,Facultad de Ingeniería U. A. S. L. P.,oct-15,jul-21
409,92B7-C236F989B5A9,Lider de procesos y recursos de laboratorios de facultad de ingenieria del sistema de calidad,UASLP,oct-20,ago-22
412,8196-F135D52B74FE,Jefe de Area de Metalurgia y Materiales del Instituto de Metalurgia,UASLP,ago-10,mar-16
413,8196-F135D52B74FE,Coordinador de la maestria en Metalurgia e Ingenieria de Materiales,UASLP,ago-07,JULIO 200
414,AE8D-E5CD887CE287,Encargado de Vinculación del Área Mecánica y Eléctrica,FACULTAD DE INGENIERÍA  UNIVERSIDAD AUTÓNOMA DE SAN LUIS POTOSÍ,ene-18,dic-21
415,B6B7-6D3D31284E60,COORDINADOR DE LA CARRERA DE INGENIERO METALURGISTA DE TRANSFORMACION,Facultad de Ingeniería de la Universidad Autónoma de San Luis Potosí,oct-85,mar-93
416,B6B7-6D3D31284E60,COORDINADOR DE LA CARRERA DE INGENIERO METALURGISTA Y DE MATERIALES,Facultad de Ingeniería de la Universidad Autónoma de San Luis Potosí,sep-99,ago-02
417,B6B7-6D3D31284E60,MIEMBRO DE LA COMISIÓN CURRICULAR DE LA FACULTAD DE INGENIERÍA,Facultad de Ingeniería de la Universidad Autónoma de San Luis Potosí,jul-93,nov-94
418,B6B7-6D3D31284E60,MIEMBRO DE LA COMISIÓN INSTITUCIONAL DEL DEPORTE.,Universidad Autónoma de San Luis Potosí,sep-97,ago-02
419,B6B7-6D3D31284E60,MIEMBRO DE LA COMISION INSTITUCIONAL PARA EL DESARROLLO INTEGRAL DEL ESTUDIANTE EN LA UASLP,Universidad Autónoma de San Luis Potosí,may-09,abr-12
420,B6B7-6D3D31284E60,MIEMBRO DEL H. CONSEJO TÉCNICO CONSULTIVO DE LA FACULTAD DE INGENIERÍA.,Facultad de Ingeniería de la Universidad Autónoma de San Luis Potosí,mar-86,ago-02
421,B6B7-6D3D31284E60,MIEMBRO DEL H. CONSEJO TÉCNICO CONSULTIVO DE LA FACULTAD DE INGENIERÍA.,Facultad de Ingeniería de la Universidad Autónoma de San Luis Potosí,abr-14,mar-22
422,B6B7-6D3D31284E60,DIRECTOR DE LA DIRECCIÓN DE ACTIVIDADES DEPORTIVAS Y RECREATIVAS DE LA UASLP,Universidad Autónoma de San Luis Potosí,sep-04,ene-09
423,8DDE-294DB0FB421C,Miembro del Comité Organizador de la XXII SNCyT 2015,U.A.S.L.P. Facultad de Ingeniería,sep-15,nov-15
424,8DDE-294DB0FB421C,Miembro del Comité Organizador de la XXIII SNCyT 2016,U.A.S.L.P. Facultad de Ingeniería,sep-16,nov-16
425,8DDE-294DB0FB421C,Miembro del Comité Organizador de la XXIV SNCyT 2017,U.A.S.L.P. Facultad de Ingeniería,sep-17,nov-17
426,8DDE-294DB0FB421C,Miembro del Comité Organizador de la XXV SNCyT 2018,U.A.S.L.P. Facultad de Ingeniería,sep-18,nov-18
427,8DDE-294DB0FB421C,Miembro del Comité Organizador de la SECyT 2019,U.A.S.L.P. Facultad de Ingeniería,sep-19,nov-19
428,8DDE-294DB0FB421C,Apoyo en logística del Evento nacional puertas abiertas 2019 Posgrados de Ingeniería a tu alcance,U.A.S.L.P. Centro de Investigación y Estudios de Posgrado CIEP  Facultad de Ingeniería,mar-19,mar-19
429,8DDE-294DB0FB421C,Organizador del Evento Nacional Puertas abiertas 2017  Posgrados de Ingeniería a tu alcance,U.A.S.L.P. Centro de Investigación y Estudios de Posgrado CIEP  Facultad de Ingeniería,mar-17,mar-17
430,8DDE-294DB0FB421C,Miembro del Comité Organizador de Jornada de Puertas abiertas 2018 Licenciatura,U.A.S.L.P. Facultad de Ingeniería,sep-18,nov-18
431,BAE6-8C795CF7F1B0,Profesor investigador de tiempo completo nivel 6,UASLP,mar-93,jul-04
435,9D58-CCD553319E8A,Jefe de Área,UASLP,ene-16,jul-21
436,9D58-CCD553319E8A,Coordinador de Manejo Ambiental,Instituto de Metalurgia UASLP,ene-15,may-24
437,9D58-CCD553319E8A,Coordinador del Posgrado en Ingeniería de Minerales,UASLP,ene-10,dic-11
438,AD95-FFF7D1BFB099,Presidente de academia: Recursos Bióticos,Universidad Autónoma de San Luis Potosí,sep-20,sep-22
439,AD95-FFF7D1BFB099,Tutor Académico,Universidad Autónoma de San Luis Potosí,oct-18,jul-21
440,B176-B8E05100F393,Secretaria de la Academia de Hidráulica del Area Civil,Facultad de Ingeniería,oct-20,oct-22
443,B176-B8E05100F393,Apoyo en el manejo del laboratorio de Procesos Pecuarios,UASLP,may-20,jul-22
444,B176-B8E05100F393,Apoyo en el manejo del laboratorio de Procesos Pecuarios,UASLP,may-20,jul-22
446,A5FA-EAC89503903B,Líder de Cuerpo Academico,Universidad Autónoma de San Luis Potosí,ene-18,may-23
447,A5FA-EAC89503903B,Coordinador del Posgrado en Ciencies en Geología Aplicada,Universidad Autónoma de San Luis Potosí,ago-12,ago-14
448,911A-421C9A53F3F4,Asistente de jefatura de área civil ,Universidad Autónoma de San Luis Potosí ,jul-12,nov-13
449,8A8A-8FC56D337994,REPRESENTANTE DE LA COMISIÓN DE SEGURIDAD E HIGIENE,FACULTAD DE INGENIERÍA UASLP,ene-10,dic-16
450,8A8A-8FC56D337994,COORDINADOR DE LA UNIDAD INTERNA DE PROTECCION  CIVIL,FACULTAD DE INGENIERÍA UASLP,ene-16,jul-21
451,B548-C001774C5E41,TUTORA ACADEMICA,FACULTAD DE INGENIERIA DE LA UASLP,ago-18,jul-21
452,B742-77A61FAC34E2,Coordinador de Posgrado Maestría en Tecnología y Gestión del Agua,UASLP,feb-10,ago-13
453,B742-77A61FAC34E2,Coordinador del Programa Multidisciplinar de Posgrados en Ciencias Ambientales,UASLP,jun-15,jun-17
454,95A7-77393E09179F,Coordinadora General del proyecto,Facultad de Ingeniería de la UASLP Centro Universitario de Apoyo Tecnológico Empresarial de la UASLP para Tisamatic S.A. de C.V.,sep-99,nov-99
455,95A7-77393E09179F,Coordinadora General del proyecto,Facultad de Ingeniería de la UASLP con el Centro Universitario de Apoyo Tecnológico Empresarial de la UASLP para Cercas Mallasol S.A. de C.V.,mar-00,may-00
456,95A7-77393E09179F,Coordinadora General del proyecto,Facultad de Ingeniería con el Centro Universitario de Apoyo Tecnológico Empresarial de la UASLP para Golden Friction S.A.,jun-00,ago-00
457,95A7-77393E09179F,Coordinadora General del proyecto,Facultad de Ingeniería de la UASLP con Centro Universitario de Apoyo Tecnológico Empresarial de la UASLP para Panificadora La Superior,feb-01,may-01
458,95A7-77393E09179F,Coordinadora General del proyecto,Centro Universitario de Apoyo Tecnológico Empresarial de la UASLP para Servicios META,may-05,may-06
459,95A7-77393E09179F,Coordinadora General del proyecto,Facultad de Ingeniería de la UASLP para Casa de Moneda en San Luis Potosi,may-06,jul-06
460,95A7-77393E09179F,Coordinadora Técnica del Proyecto,Centro Universitario de Apoyo Tecnológico Empresarial de la UASLP para CANACINTRA San Luis Potosí,jun-07,ago-08
461,95A7-77393E09179F,Coordinadora General del proyecto,Centro Universitario de Apoyo Tecnológico Empresarial de la UASLP para Instituto Potosino de la Juventud del Gobierno del Estado de San Luis Potosí,dic-08,ago-09
462,95A7-77393E09179F,Encargada del desarrollo de la metodología estadística implementada,Centro Universitario de Apoyo Tecnológico Empresarial de la UASLP para Instituto de las Mujeres del Gobierno del Estado de San Luis Potosí,sep-06,sep-09
463,95A7-77393E09179F,Encargada de Zona en San Luis Potosí y área conurbada,Centro Universitario de Apoyo Tecnológico Empresarial de la UASLP para Servicios de Salud de Gobierno del Estado de San Luis Potosí,jun-10,ago-10
464,95A7-77393E09179F,Encargada del desarrollo de la metodología estadística,Centro Universitario de Apoyo Tecnológico Empresarial de la UASLP para Secretaría de Salud del Gobierno del Estado de San Luis Potosí,mar-10,dic-10
465,95A7-77393E09179F,Encargada de brigada,Centro Universitario de Apoyo Tecnológico Empresarial de la UASLP para Servicios de Salud de Gobierno del Estado de San Luis Potosí,nov-10,sep-11
466,95A7-77393E09179F,Encargada de la prueba de campo en San Luis Potosí,Centro Universitario de Apoyo Tecnológico Empresarial de la UASLP con Secretaría de Salud del Estado de San Luis Potosí y la Universidad Nacional Autónoma de México,oct-11,dic-11
467,95A7-77393E09179F,Coordinadora Técnica del Proyecto,Centro Universitario de Apoyo Tecnológico Empresarial de la UASLP con Unión de Asociaciones del Personal Académico de la UASL,dic-11,feb-12
468,95A7-77393E09179F,Coordinadora Técnica del Proyecto,Centro Universitario de Apoyo Tecnológico Empresarial de la UASLP con empresa Productos Rolados San Luis S.A. de C,dic-12,feb-13
469,95A7-77393E09179F,Coordinadora técnica del proyecto,Centro Universitario de Apoyo Tecnológico Empresarial de la UASLP con Secretaría de Turismo del Estado de San Luis Potosí,jun-13,jul-14
470,95A7-77393E09179F,Coordinadora técnica del proyecto,Facultad de Psicología de la Universidad Autónoma de San Luis Potosí,oct-14,dic-14
471,95A7-77393E09179F,Coordinadora Técnica del Proyecto,Facultad del Hábitat de la Universidad Autónoma de San Luis Potosí,nov-18,may-19
472,AAA3-DB11D6BC67F5,Coordinador del Posgrado en Tecnología y Gestión del Agua,Universidad Autónoma de San Luis Potosí. Facultad de Ingeniería,sep-17,ago-19
473,A671-CCC4DB53F52B,Presidente Comisión de Desarrollo Curricular del Área Ciencias de la Tierra,Facultad de Ingeniería-UASLP,abr-04,jun-25
474,A671-CCC4DB53F52B,Miembro de la Comisión de Planeación y Evaluación de la Facultad de Ingeniería,Facultad de Ingeniería-UASLP,abr-04,jun-25
475,A671-CCC4DB53F52B,Miembro de la comisión de Admisión de la Facultad de Ingeniería,Facultad de Ingeniería-UASLP,abr-04,jun-25
476,A671-CCC4DB53F52B,Miembro de la Academia de Geología Aplicada,Facultad de Ingeniería-UASLP,feb-01,jun-25
477,9473-8E0C7C8C2298,Secretaría de la Academia de Recursos Bióticos,Universidad Autónoma de San Luis Potosí - Facultad de Ingeniería,ago-16,jul-20
478,9473-8E0C7C8C2298,Líder del grupo BIOS de Divulgagación,Universidad Autónoma de San Luis Potosí - Facultad de Ingeniería,ago-17,jul-21
479,A866-EB93C1A69B3E,Presidente de la Academia de Geología Aplicada,UASLP  Ciencias de la Tierra,sep-18,sep-20
482,8F56-F9AA6096D2CA,Coordinador de Ing. Geomática/Geoinformática,Universidad Autónoma de San Luis Potosí,ago-14,ago-16
484,8F56-F9AA6096D2CA,Consejero de Investigación,Universidad Autónoma de San Luis Potosí - Facultad de Ingeniería - Área Civil,oct-16,ago-22
485,8F56-F9AA6096D2CA,Representante del Área Civil ante el Departamento de Vinculación,Universidad Autónoma de San Luis Potosí - Facultad de Ingeniería - Área Civil,ago-18,ago-22
487,BD6E-AD7EAD78C90B,Coordinador del Seminario de Orientacion de Ingenieria Civil,Universidad Autónoma de San Luis Potosí,ago-14,ago-21
488,9DBF-674FF0D16688,Docente hora clase ,Facultad de Ingeniería  UASLP,ago-96,may-25
489,9DBF-674FF0D16688,Dirección de bachillerato ,Universidad Marista de San Luis Potosí,jun-06,jun-22
490,9DBF-674FF0D16688,Docente hora clase ,Universidad del Centro de México,ago-02,dic-04
491,A719-7932825DC436,Docente de asignatura,Universidad del Centro de México,ago-05,jun-13
492,A719-7932825DC436,Docente de asignatura,Universidad de Estudios Avanzados (UNEA),sep-07,dic-12
493,A719-7932825DC436,Capacitador,Educación Corporativa San Luis Potosí,jun-08,dic-13
494,A719-7932825DC436,Docente de asignatura,Universidad del Valle de México  Campus San Luis Potosí (UVM),ago-08,may-13
495,A719-7932825DC436,Docente de asignatura,Instituto Humanista,ago-07,dic-10
496,A719-7932825DC436,Capacitador,ICI Capacitación,nov-12,jun-13
497,A719-7932825DC436,Docente de asignatura,Universidad Potosina,feb-20,ago-20
501,A719-7932825DC436,Docente de asignatura,Universidad Marista,feb-20,abr-22
502,A719-7932825DC436,Docente de asignatura,Universidad Autónoma de San Luis Potosí,ene-21,dic-21
503,A719-7932825DC436,Coordinador Académico de Ingenierías,Universidad del Centro de México,abr-09,may-13
504,A719-7932825DC436,Capacitador,Universidad del Centro de México,jul-10,sep-10
505,A719-7932825DC436,Capacitador,Grafología,dic-14,dic-14
506,A719-7932825DC436,Capacitador,Facultad de Psicología  UASLP,may-17,may-17
507,A719-7932825DC436,Capacitador,Instituto Potosino de Investigación Científica y Tecnológica  A.C.,sep-17,sep-17
508,A719-7932825DC436,Capacitador,Instituto Potosino de Investigación Científica y Tecnológica  A.C.,nov-17,nov-17
509,A719-7932825DC436,Capacitador,Instituto para el desarrollo de la sociedad del conocimiento del estado de Aguascalientes,nov-17,nov-17
510,A719-7932825DC436,Capacitador,Instituto para el desarrollo de la sociedad del conocimiento del estado de Aguascalientes,dic-17,dic-17
511,A719-7932825DC436,Capacitador,Instituto para el desarrollo de la sociedad del conocimiento del estado de Aguascalientes,ene-18,ene-18
512,A719-7932825DC436,Capacitador,Instituto para el desarrollo de la sociedad del conocimiento del estado de Aguascalientes,feb-18,feb-18
513,A719-7932825DC436,Capacitador,Consejo Estatal de Ciencia y Tecnología del Estado de Coahuila,oct-17,oct-17
514,A719-7932825DC436,Capacitador,Colegio de Estudios Científicos y Tecnológicos del Estado de San Luis Potosí,feb-18,feb-18
515,A719-7932825DC436,Capacitador,Instituto Tecnológico Superior de Irapuato,ago-18,ago-18
516,A719-7932825DC436,Capacitador,Consejo Estatal de Ciencia y Tecnología del Estado de Coahuila,nov-18,nov-18
517,A719-7932825DC436,Capacitador,Consejo Estatal de Ciencia y Tecnología del Estado de Coahuila,dic-19,ene-20
519,B9BF-2AC52A76BAD6,Consejero Alumno Titular de la Carrera Ingeniería Agroindustrial ante el HCTC ,Facultad de Ingeniería / UASLP,may-08,ene-09
525,802D-F0618983AC6A,Secretaria de la Academia de transformación del Área de agroindustrial,Facultad de Ingeniería,sep-18,sep-20
526,802D-F0618983AC6A,Secretaria de la Academia de transformación del Área de agroindustrial,Facultad de Ingeniería,abr-14,dic-16
527,994F-AD3BA9EF5F86,"Miembro del ""Honorable Consejo Técnico Consultivo""",Facultad de Ingeniería,abr-14,abr-18
528,994F-AD3BA9EF5F86,Secretaria de la Academia de Núcleo el Área Agroindustrial.,Facultad de Ingeniería,sep-18,sep-20
529,994F-AD3BA9EF5F86,Responsable del Laboratorio de Procesos Alimentarios Agropecuarios. Área Agroindustrial,Facultad de Ingeniería,feb-20,dic-22
530,BCB1-60E44234BC48,Responsable del laboratorio de análisis químicos y biológicos ,Universidad Autónoma de San Luis Potosí,ene-21,feb-22
531,BCB1-60E44234BC48,Secretario de la Academia de Investigación  Innovación y Desarrollo Tecnológico del Área Agroindustrial,Universidad Autónoma de San Luis Potosí,ene-18,ene-20
534,BCB1-60E44234BC48,Jornadas de Puertas Abiertas 2018 ?Mi futuro  únicamente mi decisión?. Facultad de Ingeniería,Universidad Autónoma de San Luis Potosí,oct-18,oct-18
535,9FF4-644CD34EC2BB,Responsable de Laboratorio de Producción Vegetal Protegida ,Universidad Autónoma de San Luis Potosí ,ago-13,ene-22
536,9FF4-644CD34EC2BB,Divulgación y Divulgación,Universidad Autónoma de San Luis Potosí ,ago-18,ene-22
538,9BAB-6B6142FED5C5,Líder del Cuerpo Académico Recursos Bióticos,Universidad Autónoma de San Luis Potosí,ene-09,dic-22
539,A3EE-472804404128,Responsable del laboratorio de Diseño de Productos y Procesos I,Universidad Autónoma De San Luis Potosí,feb-16,ago-17
540,A3EE-472804404128,Asistente de Investigación,Universidad Autónoma De San Luis Potosí,sep-21,ago-22
541,AA24-CF77C79DB3DB,Secretaria de Academia-Academia Investigación  Innovación y Desarrollo Tecnológico ,Facultad de Ingeniería  UASLP,ago-17,ago-18
542,AA24-CF77C79DB3DB,Secretaria de Academia-Academia Investigación  Innovación y Desarrollo Tecnológico ,Facultad de Ingeniería  UASLP,ago-21,ago-23
553,991C-FA129880F0E0,Responsable del laboratorio de Redes y Telemática,UASLP,ene-15,jun-25
557,8BFA-B0290238356D,Certificadora de Habilidades Digitales para Todos (HDT),EDUTEC,ene-12,dic-13
558,AF96-D1BC7AFA1A2E,Coordinador de Ingeniería en Informática,Facultad de Ingeniería,ago-12,jun-22
559,AB58-C0CFB51A6607,Coordinadora de posgrado,Universidad Autónoma de San Luis Potosí,jul-19,oct-21
560,AB58-C0CFB51A6607,Presidenta de Academia de Redes y Ciberseguridad,Universidad Autónoma de San Luis Potosí,oct-19,mar-22
561,BECB-C0B6A90CCD7C,Presidente de la Academia de Ingeniería de Software y Bases de Datos,Universidad Autónoma de San Luis Potosí,sep-18,sep-20
565,BECB-C0B6A90CCD7C,Responsable de la acreditación del edificio I libre de humo ,Universidad Autónoma de San Luis Potosí,may-08,jul-08
566,BECB-C0B6A90CCD7C,Evaluación y actualización de contenidos del Plan de Estudios de la Carrera de Ingeniero en Computación con base en competencias ,Universidad Autónoma de San Luis Potosí,ago-13,feb-15
567,BECB-C0B6A90CCD7C,Miembro del comité organizador de la 6ta edición de la Conferencia Internacional CONISOFT,Universidad Autónoma de San Luis Potosí,oct-18,oct-18
568,BECB-C0B6A90CCD7C,Organizador de la 3era Exposición Virtual de Proyectos Integradores Expo-CiComp primavera 2021 ,Universidad Autónoma de San Luis Potosí,ene-21,jun-21
569,BECB-C0B6A90CCD7C,Organizador de la 4ta Exposición Virtual Expo-CiComp otoño 2021 ,Universidad Autónoma de San Luis Potosí,ago-21,dic-21
570,BECB-C0B6A90CCD7C,Organizador de la 1er Exposición Virtual de Proyectos Integradores Expo-CiComp primavera 2020,Universidad Autónoma de San Luis Potosí,feb-20,may-20
571,BECB-C0B6A90CCD7C,Organizador de la 2da Exposición Virtual de Proyectos Integradores Expo-CiComp otoño 2020,NULL,ago-20,dic-20
572,BECB-C0B6A90CCD7C,Organizador de la Exposición de proyectos de la Expo-CiComp primavera 2019,Universidad Autónoma de San Luis Potosí,ene-19,may-19
573,BECB-C0B6A90CCD7C,Organizador de la Exposición de Proyectos Expo-CiComp otoño 2019,Universidad Autónoma de San Luis Potosí,ago-19,nov-19
574,BECB-C0B6A90CCD7C,Organizador de la Exposición de proyectos Expo-CiComp primavera 2018,Universidad Autónoma de San Luis Potosí,ago-18,may-18
575,BECB-C0B6A90CCD7C,Organizador de la Exposición de proyectos Expo-CiComp otoño 2018,Universidad Autónoma de San Luis Potosí,ago-18,oct-18
576,8FA6-5A5255158C80,Coordinador de la Maestriía en Ingenieriía de la Computación,Universidad Autónoma de San Luis Potosí,nov-02,feb-04
577,8FA6-5A5255158C80,Coordinador Académico del Posgrado en Computación,Universidad Autónoma de San Luis Potosí,ago-07,ago-12
581,8FA6-5A5255158C80,Coordinador de Investigación,Fac. Ing. Universdad Autónoma de San Luis Potosí,jul-20,jun-25
582,8FA6-5A5255158C80,Presidente de la Academia de Software de Aplicación,Fac. Ing. UASLP,feb-09,feb-11
583,8FA6-5A5255158C80,Secretario de la Academia de Software de Aplicación,Fac. Ing. UASLP,feb-11,feb-13
584,8FA6-5A5255158C80, Comisión Técnica en Computación,Consejo de Acreditación de Enseñanza en la Ingeniería  A.C.,ago-10,ago-14
585,8FA6-5A5255158C80,Consejo Técnico del EGEL-COMPU,Centro Nacional de Evaluación para la Educación Superior  A.C.,ago-12,ago-16
586,8FA6-5A5255158C80,Presidente de la Academia de Software de Aplicación,Fac. Ing. UASLP,oct-03,feb-04
587,8FA6-5A5255158C80,Presidente de la Academia de Software de Aplicación,Fac. Ing. UASLP,jun-01,jun-03
588,8FA6-5A5255158C80,Presidente de la Academia de Robótica Inteligente,Fac. Ing. UASLP,sep-18,sep-20
589,8FA6-5A5255158C80,Presidente de la Academia de Robótica Inteligente,Fac. Ing. UASLP,sep-20,sep-22
590,A64D-412F84DB591F,Auxiliar de coordinación,Universidad José Vasconcelos ,mar-16,dic-17
591,B31C-C9B81ACE7D2C,Presidenta de la Academia de Producción,Facultad de Ingeniería. UASLP. ,sep-16,sep-20
592,B31C-C9B81ACE7D2C,Coordinadora de Laboratorios del Área Agroindustrial,Facultad de Ingeniería. UASLP. ,feb-20,ene-21
593,B31C-C9B81ACE7D2C,Secretaria de la Academia Núcleo,Facultad de Ingeniería. UASLP. ,sep-20,ene-21
594,A507-0BEE29FAAD04,SECRETARIO DE LA ACADEMIA DE PROGRAMACIÓN,UNIVERSIDAD AUTÓNOMA DE SAN LUIS POTOSÍ,ago-17,ago-21
595,A507-0BEE29FAAD04,PRESIDENTE DE LA ACADEMIA DE PROGRAMACIÓN,UNIVERSIDAD AUTÓNOMA DE SAN LUIS POTOSÍ,ago-21,may-22
596,8535-4D66704CA1C0,Responsable del Laboratorio de Electrónica y Sistemas Digitales (LESD),Área de Ciencias de la Computación  Facultad de Ingeniería  UASLP,ago-16,may-22
597,8535-4D66704CA1C0,Coordinadora de los Laboratorios del Área de Ciencias de la Computación,Área de Ciencias de la Computación  Facultad de Ingeniería  UASLP,jul-19,may-22
598,8535-4D66704CA1C0,Presidente de la Academia de Software de Aplicación,Área de Ciencias de la Computación  Facultad de Ingeniería  UASLP,feb-06,ene-08
599,8535-4D66704CA1C0,Presidente de la Academia de Hardware,Área de Ciencias de la Computación  Facultad de Ingeniería  UASLP,sep-16,sep-18
600,8535-4D66704CA1C0,Presidente de la Academia de Sistemas de Hardware,Área de Ciencias de la Computación  Facultad de Ingeniería  UASLP,sep-18,may-22
601,8535-4D66704CA1C0,Profesor Asignatura y Técnico Académico,Área de Ciencias de la Computación  Facultad de Ingeniería  UASLP,ene-04,may-22
603,B2EE-4A9BB5810551,coordinador del área de álgebra  Departamento de Físico-Matemáticas,Universidad Autónoma de San Luis Potosí  Facultad de Ciencias,sep-15,sep-18
604,B2EE-4A9BB5810551,Coordinador del área de Geometría y Trigonométria,Departamento de Físico-Matemáticas  Universidad Autonóma de San Luis Potosí,sep-14,sep-15
605,B2EE-4A9BB5810551,Presidente de La Academia de Estadística  Computación y Métodos Númericos,Facultad de Ingeniería  UASLP,jun-14,jun-15
606,B2EE-4A9BB5810551,Coordinador de la Región III de la red Academica de Ciencias Básicas de Matemáticas de la ANUIES,Asociacion Nacional de Facultades y Escuelas de Ingeniería ,jun-15,jul-16
609,A15D-2E4B23F44404,ENCARGADO DE PRÁCTICAS PROFESIONALES,UASLP,jun-20,mar-25
610,94D6-EC76BCD5E666,Presidente de la Academia de Entorno Social,Facultad de Ingeniería. Universidad Autónoma de San Luis Potosí,oct-12,ago-16
611,94D6-EC76BCD5E666,Presidente de la Academia de Matemáticas,Facultad de Ingeniería. Universidad Autónoma de San Luis Potosí,sep-16,ago-18
612,94D6-EC76BCD5E666,Presidente de la Academia de Matemáticas para la Computación,Facultad de Ingeniería. Universidad Autónoma de San Luis Potosí,sep-18,ago-22
613,94D6-EC76BCD5E666,Coordinador del Posgrado en Computación,Facultad de Ingeniería. Universidad Autónoma de San Luis Potosí,may-17,jun-19
614,9B6B-0778772B83BD,Profesor asignatura,Facultad de Ingeniería  UASLP,ene-06,jul-07
615,9B6B-0778772B83BD,Profesor asignatura,Universidad Tangamanga,ago-07,dic-07
616,9B6B-0778772B83BD,Profesor asignatura,Universidad Tangamanga,ene-12,dic-12
623,9B6B-0778772B83BD,Profesor asignatura,Facultad de Ingeniería  UASLP,ene-14,dic-99
624,BCAE-26B18BAE1871,Embajadora Regional Technovation Girl,Technovation Girls,ene-16,jun-22
625,B5A6-1460745FED4B,Presidente de la Academia de Tecnologías Multiplataforma,Área de Ciencias de la Computación  Facultad de Ingeniería  UASLP,sep-18,sep-20
630,BF0F-B6908F5180F8,Responsable del Laboratorio de Electrónica,Universidad Autónoma de San Luis Potosí,ago-15,ago-19
631,BF0F-B6908F5180F8,Responsable del Laboratorio de Computacion Industrial,Universidad Autónoma de San Luis Potosí,ago-19,ago-22
632,B5A6-1460745FED4B,Coordinador de la carrera de Ingeniería en Computación,Facultad de Ingeniería  UASLP,ago-12,feb-16
633,8E77-F80D8117A6DB,Responsable del Departamento de Vinculación y Seguimiento de Egresados del Área de Ciencias de la Computación,Facultad de Ingeniería de la UASLP,ago-21,dic-25
634,9847-C4B0B0FF4FB1,Presidente de la Academia de Hardware del Área de Computación e Informática.,Facultad de Ingeniería UASLP,oct-12,oct-14
635,9847-C4B0B0FF4FB1,Secretario de la Academia de Hardware del Área de Computación e Informática.,Facultad de Ingeniería UASLP,oct-14,oct-16
636,9847-C4B0B0FF4FB1,Secretario de la Academia de Hardware del Área de Computación e Informática.,Facultad de Ingeniería UASLP,feb-10,oct-12
637,9847-C4B0B0FF4FB1,Secretario de la Academia de Matemáticas para la Computación,Facultad de Ingeniería UASLP,oct-18,oct-20
643,8A83-0E141216DFFB,Coordinación de la Carrera de Ingeniería en Computación ,Universidad Autónoma de San Luis Potosí  Facultad de Ingeniería,ago-19,dic-23
644,B5A6-1460745FED4B,Presidente de la Academia de Entorno Social,Área de Ciencias de la Computación  Facultad de Ingeniería  UASLP,sep-16,sep-18
645,B5A6-1460745FED4B,Secretario de la Academia de Innovación y Desarrollo Tecnológico,Área de Ciencias de la Computación  Facultad de Ingeniería  UASLP,sep-18,sep-20
646,8E77-F80D8117A6DB,Coordinador de la carrera de Ingeniería en Computación,Facultad de Ingeniería de la UASLP,feb-06,sep-08
647,8E77-F80D8117A6DB,Jefe del Área de Computación e Informática,Facultad de Ingeniería de la UASLP,sep-08,ago-17
648,8E77-F80D8117A6DB,Miembro del Consejo Técnico por parte del Área de Computación e Informática,Facultad de Ingeniería de la UASLP,ago-08,ago-16
649,8191-902AE9EF0D4A,Presidente de Academia de Programación Básica,Facultad de Ciencias  U. A. S. L. P. ,ago-16,dic-16
650,8A83-0E141216DFFB,Consejero Maestro  Honorable Consejo Técnico Consultivo,Universidad Autónoma de San Luis Potosí  Facultad de Ingeniería,abr-18,abr-26
651,8A83-0E141216DFFB,Presidente de la Academia de Programación  Area de Ciencias de la Computación,Universidad Autónoma de San Luis Potosí  Facultad de Ingeniería,sep-18,sep-20
652,8A83-0E141216DFFB,Presidente de la Academia de Programación  Area de Ciencias de la Computación,Universidad Autónoma de San Luis Potosí  Facultad de Ingeniería,sep-16,sep-18
653,8A83-0E141216DFFB,Coordinadora de los los Laboratorios del Área de Ciencias de la Computación ,Universidad Autónoma de San Luis Potosí  Facultad de Ingeniería,jul-16,jul-19
654,8EF8-283949590703,Instructor de equipos en el concurso internacional ICPC,Universidad Autónoma de San Luis Potosí,feb-19,ene-20
655,9B3F-444E76CF06B4,Miembro del Comité Organizador de la XXII SNCyT 2015,U.A.S.L.P. Facultad de Ingeniería,sep-15,nov-15
656,9B3F-444E76CF06B4,Miembro del Comité Organizador de la XXIII SNCyT 2016,U.A.S.L.P. Facultad de Ingeniería,sep-16,nov-16
657,9B3F-444E76CF06B4,Miembro del Comité Organizador de la XXIV SNCyT 2017,U.A.S.L.P. Facultad de Ingeniería,sep-17,nov-17
658,9B3F-444E76CF06B4,Organizador del Evento Nacional Puertas abiertas 2017  Posgrados de Ingeniería a tu alcance,U.A.S.L.P. Centro de Investigación y Estudios de Posgrado CIEP  Facultad de Ingeniería,mar-17,mar-17
659,9B3F-444E76CF06B4,Miembro del Comité Organizador de Jornada de Puertas abiertas 2018 Licenciatura,U.A.S.L.P. Facultad de Ingeniería,sep-18,nov-18
660,9B3F-444E76CF06B4,Miembro del Comité Organizador de la XXV SNCyT 2018,U.A.S.L.P. Facultad de Ingeniería,sep-18,nov-18
661,9B3F-444E76CF06B4,Miembro del Comité Organizador de la SECyT 2019,U.A.S.L.P. Facultad de Ingeniería,sep-19,nov-19
662,9B3F-444E76CF06B4,Apoyo en logística del Evento nacional puertas abiertas 2019 Posgrados de Ingeniería a tu alcance,U.A.S.L.P. Centro de Investigación y Estudios de Posgrado CIEP  Facultad de Ingeniería,mar-19,mar-19
663,BF96-B70DFEE2B4D6,RTIC de la Facultad de Ingeniería,Facultad de Ingeniería UASLP,mar-15,may-22
664,8E77-F80D8117A6DB,Presidente de la Academia de Hardware,Facultad de Ingeniería de la UASLP,ago-16,ago-17
665,8E77-F80D8117A6DB,Secretario de la Academia de Sistemas de Hardware,Facultad de Ingeniería de la UASLP,ene-22,dic-22
666,8521-6BDFB737A821,tutoria a alumnos,Facultad de Ingenieria  ,ene-14,jun-19
667,8D45-AE2193E5B62A,Coordinador del Posgrado en Computación,Universidad Autónoma de San Luis Potosí,jul-15,jul-17
668,8D45-AE2193E5B62A,Coordinador de Ingeniería en Sistemas Inteligentes,Universidad Autónoma de San Luis Potosí,jul-17,sep-23
669,A469-16CF6916B468,Coordinador de Posgrados,Facultad de Ingeniería  UASLP,jun-08,jul-12
671,A469-16CF6916B468,Jefe del Área de Ciencias de la Computación,Universidad Autónoma de San Luis Potosí,jun-14,dic-23
672,8227-77495DF8DF31,Profesor hora clase,Facultad de Ingeniería UASLP,ago-92,dic-21
673,9AE5-47D36683045F,Secretaria Escolar,UASLP,ago-12,may-21
674,9AE5-47D36683045F,"Coordinadora de la carrera ""Ing. en Informática""",UASLP,ago-06,jul-08
675,AF96-D1BC7AFA1A2E,Integrante del Comité Académico,CARAO,jun-14,jun-22
697,9BAB-6B6142FED5C5,Coordinadora del Subcomité Covid 19 del IIZD,Universidad Autónoma de San Luis Potosí,sep-20,dic-24
698,AB0B-2280B9319BF9,Aplicadora del Examen de Conocimientos en el Examen de Admisión para el Ciclo 2021-2022,Facultad de Ingeniería  UASLP,jul-21,jul-21
699,AB0B-2280B9319BF9,Aplicadora del Examen de Conocimientos en el Examen de Admisión para el Ciclo 2020-2021,Facultad de Ingeniería  UASLP,jul-20,jul-20
700,9BAB-6B6142FED5C5,Coordinadora del Centro de Documentación e Información Jerzy Rzedowski Rotter,Instituto de Investigación de Zonas Desérticas,feb-22,feb-24
703,ADBE-D146C9FA7317,Profesor Guia de Proyecto,Universidad Autónoma de San Luis Potosi,ene-20,may-20
704,ADBE-D146C9FA7317,Profesor Revisor de Proyecto,Universidad Autónoma de San Luis Potosi,ene-23,may-23
707,BD6E-AD7EAD78C90B,Coordinador de la Maestria en Tecnología y Gestión del Agua,Universidad Autónoma de San Luis Potosí,feb-21,may-23
708,886F-6E7FBCF85CA6,Maestro hora clase,UASLP,ago-13,jun-23
718,960B-8B7FFCDC5513,ASESORIA DE ALUMNOS,FAC DE INGENIERIA UASLP,ene-01,NULL
719,ABEE-70E67AFB9226,Presidente de la Academia de Geología Aplicada,Facultad de Ingeniería  Universidad Autónoma de San Luis Potosí,sep-22,sep-24
720,ABEE-70E67AFB9226,Encargada de Laboratorio de Hidráulica del Área Civil,Facultad de Ingeniería  Universidad Autónoma de San Luis Potosí,jul-22,may-23
721,8238-41F6118292F0,PROFESOR ASIGNATURA,UNIVERSIDAD AUTONOMA DE SAN LUIS POTOSÍ,ago-92,may-23
722,8E8D-81F07B66A913,Profesor de la materia de ingeniería de sistemas,Universidad Autónoma de San Luis Potosí,ago-22,may-23
723,8E8D-81F07B66A913,Profesor de la materia de estadistística aplicada,Universidad Autónoma de San Luis Potosí,mar-23,may-23
724,8E8D-81F07B66A913,Profesor de la materia de instalaciones en edificios,Universidad Autónoma de San Luis Potosí,ago-17,jun-18
725,9C31-6A6FAD2173DB,Auxiliar docente Taller de Proyectos II,Universidad Autónoma de San Luis Potosí ,ene-22,may-23
726,9C31-6A6FAD2173DB,Docente,Cursos para ingresar a la Facultad de Ingeniería UASLP  Cursos Pitágoras ,ene-21,may-23
729,9579-14618944DC63,Secretario General,DFM UASLP,jun-17,jun-23
730,93EF-E0F98BC5D309,Jefe de Laboratorio de Topografía,Facultad de Ingeniería UASLP,ago-03,ago-08
731,93EF-E0F98BC5D309,Coordinador de la Carrera de Ingeniería en Topografía y Construcción,Facultad de Ingeniería UASLP,ago-16,ago-25
732,9BBE-4FCA29CC4800,DOCENTE EN DIPLOMADO ADMINISTRACION,UNIVERSIDAD AUTONOMA DE SAN LUIS POTOSI,feb-14,may-16
733,9BBE-4FCA29CC4800,COORDINACION DIPLOMADO VIAS TERRESTRES,UNIVERSIDAD AUTONOMA DE SAN LUIS POTOSI,oct-17,feb-23
734,A5BC-9B4DC15117D9,PROFESOR HORA CLASE ,UNIVERSIDAD AUTONOMA DE SAN LUIS POTOSI,jun-14,jun-23
735,B15A-FDE53433FA23,Presidente de la academia de estructuras,Universidad Autónoma de San Luis Potosí,ago-22,ago-24
736,B176-B8E05100F393,Presidenta de la Academia de Hidráulica del Area Civil,Universidad Autónoma de San Luis Potosí,sep-22,sep-24
737,B4B1-66334AA21106,Posdoctorado,Instituto Potosino de Investigación Científica y Tecnológica ,oct-22,oct-24
738,B4B1-66334AA21106,Coordinado Técnico ,Instituto Potosino de Investigación Científica y Tecnológica ,jun-23,nov-23
739,B4B1-66334AA21106,Coordinador Técnico,Instituto Potosino de Investigación Científica y Tecnológica ,feb-23,mar-23
740,B4B1-66334AA21106,Gerente de Proyecto,GEOLMEX,sep-20,may-21
741,B4B1-66334AA21106,Profesor Asignatura en la Facultad de Ingeniería de la Materia de Hidráulica II,Universidad Autónoma de San Luis Potosí,ago-19,jun-23
742,B4B1-66334AA21106,"Profesor Asignatura en la Facultad de Ingeniería de la Materia de Hidráulica II ""Curso Intersemestral""",Universidad Autónoma de San Luis Potosí,jun-23,jun-23
743,B4B1-66334AA21106,Profesor Asignatura en la Facultad de Ingeniería de la Materia de Hidrología,UNIVERSIDAD AUTONOMA DE SAN LUIS POTOSI,ago-18,ene-19
744,B4B1-66334AA21106, Profesor Asignatura en la Facultad de Ingeniería de la Materia de Obras Hidráulicas,UNIVERSIDAD AUTONOMA DE SAN LUIS POTOSI,oct-15,ene-16
745,B4B1-66334AA21106,SUPERVISOR DE OBRA,UNIVERSIDAD AUTONOMA DE SAN LUIS POTOSI,jul-10,may-13
746,B4B1-66334AA21106,AUXILIAR TECNICO,UNIVERSIDAD AUTONOMA DE SAN LUIS POTOSI,nov-08,jul-10
751,B4B1-66334AA21106,Candidato a Investigador Nacional,CONACYT,ene-23,ene-27
752,8A31-5FB0B55D926B,Docente Laboratorio de Hidráulica,Facultad de Ingeniería  Universidad Autónoma de San Luis Potosí,feb-17,jun-23
753,8A31-5FB0B55D926B,Secretario de la Academia de Hidráulica ,Facultad de Ingeniería  Universidad Autónoma de San Luis Potosí,sep-22,sep-24
754,8A31-5FB0B55D926B,Profesor Guía de Taller de Proyectos ,Facultad de Ingeniería  Universidad Autónoma de San Luis Potosí,ago-17,jun-23
755,8B10-8A27C9814B22,Jefatura del Área de Ingeniería Civil (administración de las carreras de ingeniería civil  Ingeniería en Topografía y Construcción y Ingeniería en GeoInformatica),Facultad de Ingeniería U.A.S.L.P.,ene-16,dic-21
756,8B10-8A27C9814B22,Servcios Externos de Laboratorio de Carrera de Ingenieria Civil ,Facultad de Ingeniería U.A.S.L.P.,ene-86,nov-09
757,8B10-8A27C9814B22,Miembro de la Comisión Institucional de Construcción ,UASLP,ene-93,nov-21
758,8B10-8A27C9814B22,Miembro del Comité Administrador de Talles de Proyectos en la carrera de Ingeniería Civil ,Facultad de Ingeniería U.A.S.L.P.,ene-96,jun-23
759,A950-6397C7421815,Jefe del Área Civil,Facultad de Ingeniería de la UASLP,feb-22,jun-23
760,AEC8-FC6CB6171D96,Jefe del Laboratorio de Materiales del Área Civil,UNIVERSIDAD AUTONOMA DE SAN LUIS POTOSI,ene-09,feb-13
761,AEC8-FC6CB6171D96,Coordinador de Ingeniería Civil,UNIVERSIDAD AUTONOMA DE SAN LUIS POTOSI,ene-15,jun-23
762,BE82-6360267D5D74,Responsable de Laboratorio de Estructuras  Área Civil,Universidad Autónoma de San Luis Potosí,ago-16,jul-23
763,9BF4-0F6C75F3BBAD,Responsable de Laboratorio de Materiales de Construcción,Universidad Autónoma de San Luis Potosí - Facultad de Ingeniería,ago-13,jun-23
764,9BF4-0F6C75F3BBAD,Responsable de Laboratorio de Geotecnia,Universidad Autónoma de San Luis Potosí - Facultad de Ingeniería,ene-21,jun-23
765,9BF4-0F6C75F3BBAD,Presidente de la Academia de Geotecnia,Universidad Autónoma de San Luis Potosí - Facultad de Ingeniería,ene-19,ene-23
766,9BF4-0F6C75F3BBAD,Secretario de la Academia de Geotecnia,Universidad Autónoma de San Luis Potosí - Facultad de Ingeniería,ene-15,ene-19
767,9BF4-0F6C75F3BBAD,Secretario de la Academia de Geotencia,Universidad Autónoma de San Luis Potosí - Facultad de Ingeniería,ene-23,jun-23
768,B562-1C2BC5D41E43,Coordinadora de la Carrera  Ingeniería en Topografía y Construcción ,Universidad Autónoma de San Luis Potosí,jun-09,jun-17
769,B562-1C2BC5D41E43,En cargada del laboratorio de Meteorología ,Universidad Autónoma de San Luis Potosí,sep-15,mar-22
770,B562-1C2BC5D41E43,Secretaria de la Academia de Topografía y Construcción,Área Civil,oct-22,jun-23
771,B562-1C2BC5D41E43,Miembro de la Unidad para la Igualdad de Genero y Derechos Humanos ,Facultad de Ingeniería ,jun-23,jun-24
772,960B-8B7FFCDC5513,PRESIDENTE DE LA ACEDEMIA DE CONSTRUCCIÓN,FAC DE INGENIERIA UASLP,sep-18,sep-20
773,960B-8B7FFCDC5513,PRESIDENTE DE LA ACEDEMIA DE CONSTRUCCIÓN,NULL,sep-16,sep-18
774,960B-8B7FFCDC5513,SECRETARIO ACADEMIA DE CONSTRUCCIÓN,FAC DE INGENIERIA UASLP,sep-22,sep-24
775,960B-8B7FFCDC5513,PRESIDENTE DE LA ACEDEMIA DE PLANEACIÓN,FAC DE INGENIERIA UASLP,sep-22,sep-24
776,960B-8B7FFCDC5513,CONSEJERO MAESTRO DEL AREA CIVIL,FAC DE INGENIERIA UASLP,mar-22,mar-26
779,9D18-BDCA3FFF7140,Coordinador de Laboratorios del Área Civil,Área Civil de la Facultad de Ingeniería de la Universidad Autónoma de San Luis Potosí,ene-16,jun-23
780,9D18-BDCA3FFF7140,Responsable del Laboratorio de Meteorología,Área Civil de la Facultad de Ingeniería de la Universidad Autónoma de San Luis Potosí,jul-22,dic-23
781,9D18-BDCA3FFF7140,Responsable del Laboratorio de Hidrología Superficial  Subterránea y Atmosférica,Área Civil de la Facultad de Ingeniería de la Universidad Autónoma de San Luis Potosí,jun-23,dic-23
784,B317-A220452EA6AB,Secretaria Académica en el Departamento de Físico Matemáticas de la UASLP ,DFM UASLP,feb-20,dic-25
787,B562-1C2BC5D41E43,Profesor Tiempo Completo,Universidad Autónoma de San Luis Potosí,ago-07,jun-23
788,B926-BA2668C05D1E,PROFESOR HORA CLASE,UASLP,ene-23,jul-23
793,B9E7-EBD41A38F7EF,Profesor hora clase,UASLP,feb-15,ago-23
794,BE57-96B19C4BE341,TUTOR ACADÉMICO,Facultad de Ingeniería ,ago-22,ago-23
795,8B55-2FD9C2CDB9DB,Presidente de academia: Recursos Bióticos,Universidad Autónoma de San Luis Potosí,sep-22,ago-24
797,8B55-2FD9C2CDB9DB,Coordinador de laboratorios del Área Ciencias de la Tierra,Universidad Autónoma de San Luis Potosí,sep-23,NULL
798,9B40-85375582E264,Coordinador del área de Prevención y Control,Programas Multidisciplinarios de Posgrado en Ciencias Ambientales,ago-22,ago-23
799,9B40-85375582E264,Miembro titular del H. Consejo Técnico Consultivo,Instituto de Metalurgia ,mar-20,mar-24
800,9B40-85375582E264,Miembro suplente del H. Consejo Técnico Consultivo,Instituto de Metalurgia  UASLP,mar-16,mar-20
803,8676-9B08C03A43C0,Director,Agenda Ambiental UASLP,oct-22,oct-25
808,9F70-631542E15748,Presidenta de Academia de Geología Aplicada,Facultad de Ingeniería de la Universidad Autónoma de San Luis Potosí,ene-24,ene-26
809,91D7-34FF3F297B62,Coordinador del Convenio de Movilidad Estudiantil de las carreras de Ingeniería Mecánica entre la UASLP y la Univ. de Lorraine  en Francia. ,UASLP,ago-22,ago-26
810,9FEF-FEB0A53EA59D,Presidente de la Academia Gestión y Evaluación Ambiental de la Licenciatura en Ingeniería Ambiental,UASLP,sep-22,sep-24
811,9FEF-FEB0A53EA59D,Comité Académico Programa Multidisciplinario de Posgrado en Ciencias Ambientales Doctorado,UASLP,jun-23,may-24
812,897E-6AC4FB573B57,Presidente de academia de Prevención y control - Área Ciencias de la Tierra,Facultad de ingeniería - Universidad Autónoma de San Luis Potosí.,sep-22,sep-24
813,897E-6AC4FB573B57,Miembro titular del Consejo Técnico Consultivo del Instituto de Metalurgia,Instituto de Metalurgia - Universidad Autónoma de San Luis Potosí,may-24,abr-28
815,8676-9B08C03A43C0,Presidenta de comité externo de evaluación,Centro de Investigación y Desarrollo Tecnológico en Electroquímica,abr-23,abr-25
816,A5A7-43F2C26C43A5,Integrante de la Comisión de Posgrado,UASLP,nov-23,oct-26
817,A5A7-43F2C26C43A5,Consejero Técnico Consultivo de la Facultad de Ingenieria,UASLP,jun-22,may-25
818,A5A7-43F2C26C43A5,Integrante de Unidades para la Igualdad de Género y Derechos Humanos de la Facultad de Ingenieria,UASLP,jun-23,jul-26
819,9299-7F3454A5C4BF,JEFE DE MANTENIMIENTO DE LA FI DE LA UASLP,UNIVERSIDAD AUTONOMA DE SAN LUIS POTOSI,ago-23,ago-24
820,8A18-84C86D05077C,Secretario de la Academia de Materiales ,U.A.S.L.P (Metalurgia y Materiales),mar-24,sep-24
821,B84F-623D2FFF368E,Consejero Maestro H.C.T.C. ,Facultad de Ingeniería UASLP.,sep-22,sep-26
822,B28E-F8E515736A4E,Secretaria de Planeación de la Facultad de Ingeniería.,Universidad Autónoma de San Luis Potosí  Facultad de Ingeniería,jul-22,dic-24
823,9AC3-2DA92C92DF7C,Secretario de la académia de Metalurgia,Universidad Autónoma de San Luis Potosí,nov-22,sep-24
824,81A5-C774A668F19C,Coordinadora de la Maestría en Ciencia y Tecnología Química,Universidad Autónoma de Coahuila,sep-11,sep-14
825,81A5-C774A668F19C,Vocal Nivel Posgrado del Área Química de la Academia de Ciencias Naturales,Universidad Autónoma de Coahuila,jun-12,may-14
826,81A5-C774A668F19C,Consejera Directiva Propietaria del PE QFB,Universidad Autónoma de Coahuila,ene-14,ene-15
827,81A5-C774A668F19C,Miembro de la Academia de Farmacia Industrial,Universidad Autónoma de Coahuila,ene-15,dic-17
828,81A5-C774A668F19C,Miembro Academia de Química Orgánica,Universidad Autónoma de Coahuila,ene-16,dic-17
829,9858-FFCF2CDEEEE8,secretario de la Academia de Transformación ,Fac. de Ingeniería U.A.S.L.P.,nov-22,dic-22
830,898F-BF42CA1693A8,Presidente de la Academia Ingeniería Ambiental,Universidad Autónoma de San Luis Potosí,sep-22,ago-24
831,898F-BF42CA1693A8,Secretario de la Academia Química Ambiental,Universidad Autónoma de San Luis Potosí,sep-22,ago-24
832,8C74-C4500D65B097,Responsable del Jardín botánico El Izotal,Instituto de Investigación de Zonas Desérticas  UASLP,may-24,abr-28
833,8C74-C4500D65B097,Coordinador académico de las colecciones biológicas del IIZD,Instituto de Investigación de Zonas Desérticas  UASLP.  ,ene-21,may-28
834,B260-9109B86AFBA4,Miembro de la Comisión Institucional de Mejora Continua,UASLP,oct-23,oct-24
839,B742-77A61FAC34E2,Miembro del H. Consejo Técnico. Facultad de Ingeniería,UNIVERSIDAD AUTÓNOMA DE SAN LUIS POTOSÍ,abr-19,mar-23
840,8B62-87B4C529460A,MIembro Comisión de Planeación y Evaluación ,Instituto de Metalurgia  UASLP,ene-22,jul-24
841,8B62-87B4C529460A,Coordinador: Ciclo de Conferencias Mujeres en la Ciencia ,Instituto de Metalurgia  UASLP,feb-22,feb-23
842,8196-F135D52B74FE,coordinador académico de la maestría en Metalurgia e Ingeniería de Materiales,Facultad de Ingeniería UASLP,nov-23,oct-25
843,B311-E68931130BE5,Profesor del núcleo básico del Posgrado en Ingeniería de Minerales,Facultad de Ingeniería  UASLP,feb-00,dic-26
844,B311-E68931130BE5,Profesor del núcleo básico del Doctorado Institucional en Ciencias e Ingeniería de Materiales,UASLP,feb-11,dic-26
845,B311-E68931130BE5,Profesor invitado en el Programa Multidisciplinario de Posgrado en Ciencias Ambientales,UASLP,jul-02,dic-09
846,B311-E68931130BE5,Profesor adjunto en los programas de licenciatura y posgrado de la  Facultad de Ciencias Químicas,UASLP,feb-00,ago-14
847,8E44-4CD5A2183D30,Coordinador del posgrado  en ciencias en Geología Aplicada,UASLP,nov-22,nov-24
848,8B2B-86A0682C7ECD,organización de evento -co-convenor Hedberg conference? Geology and Hydrocarbon Potential of the Circum-Gulf of Mexico Pre-Salt Section? Mexico City  4-6 February  2020,American association of petroleum geologists AAPG,ene-19,feb-20
849,8B2B-86A0682C7ECD,organización de evento. ? 2018. X. Congreso Internacional del Sistema Jurásico  San Luis Potosí Co-Chairman  International Subcomission on Jurassic Stratigraphy  ,Universidad Nacional Autónoma de México  Universidad Autónoma de San Luis Potosí  Servicio Geológico Mexicano.,ene-17,feb-18
850,A319-B3099653A086,Lider del Cuerpo Académico Geodinámica y Materiles de la Corteza,Universidad Autónoma de San Luis Potosí,jul-23,ago-26
851,A319-B3099653A086,Miembro de la Comisión de Investigación y Desarrollo Tecnológico de la facultad de Ingeniería,Universidad Autónoma de San Luis Potosí,jun-21,dic-24
852,966D-6081F3B5473F,Secretario Académico  Instituto de Geología,Universidad Autónoma de San Luis Potosí,may-21,ago-24
853,966D-6081F3B5473F,Miembro del CAC ,PRODEP  SEP,mar-24,feb-29
854,966D-6081F3B5473F,Supervisor Académico,UASLP-PRODEP,ene-20,dic-21
855,966D-6081F3B5473F,Supervisor Académico de Estancia Posdoctoral,CONAHCyT,sep-20,sep-24
856,966D-6081F3B5473F,Supervisor Académico IIxM 2021,UASLP-CONAHCyT,sep-21,sep-31
857,B8BD-9DA880123937,Coordinador Académico del Posgrado en Geología Aplicada,Facultad de Ingeniería  UASLP,ago-14,ago-16
858,B3D1-EA74037D96B3,COORDINADOR DEL POSGRADO,UASLP,ene-10,dic-12
864,B3D1-EA74037D96B3,DIRECTOR DEL INSTITUTO DE GEOLOGIA,UASLP,ene-20,dic-27
865,8F9B-AA3F1DF5556A,Subdirector de Posgrado,Universidad Autónoma de Nuevo León Fac. Ciencias de la Tierra,ago-98,dic-00
866,8F9B-AA3F1DF5556A,Coordinador de la Maestría en Ciencias en Geología Aplicad,Universidad Autónoma de San Luis Potosí,jul-02,jun-08
867,8F9B-AA3F1DF5556A,Coordinador del programa de Ingeniería en Geología,Universidad Autónoma de San Luis Potosí,ene-10,dic-19
869,B0BC-B5007BAAE968,Secretario de la Academia de Sistemas de Hardware,Ingeniería en Computación Área de Ciencias de la Computación  Facultad de Ingeniería  UASLP.,sep-22,NULL
870,B0BC-B5007BAAE968,Secretario de la Academia de Planeación.,Ingeniería Civil Área Civil Facultad de Ingeniería  UASLP.,sep-20,sep-22
871,B82F-CA42E7A54014,Presidenta de academia de Técnicas de la Comunicación Oral y Escrita,Facultad de ingeniería,oct-24,oct-26
872,B82F-CA42E7A54014,Presidenta de la Asociación del Personal Académico de la Facultad de Ingeniería,Facultad de ingeniería,oct-23,oct-27
876,8793-C272A821451E,Coordinador de la Carrera de Ingeniería en Computación,UASLP  Facultad de Ingeniería,ene-24,dic-25
877,9ADE-85EA172CC47D,Coordinador de Ingeniería en Geomática,Universidad Autónoma de San Luis Potosí,ago-10,ago-14
878,9ADE-85EA172CC47D,Coordinador de Ingeniería en Geoinformática,Universidad Autónoma de San Luis Potosí,ago-16,ago-22
879,9ADE-85EA172CC47D,Presidente de la Academia de Matemáticas para la Computación,Universidad Autónoma de San Luis Potosí,sep-22,sep-24
880,9ADE-85EA172CC47D,Secretario de la Academia de Ingeniería de Software y Desarrollo Tecnológico,Universidad Autónoma de San Luis Potosí,sep-24,sep-26
883,9ADE-85EA172CC47D,Responsable de los Laboratorios de Cómputo Básico,Universidad Autónoma de San Luis Potosí,feb-23,abr-25
887,B503-E75764B7D814,Coordinador Académico de la Ingeniería en Geoinformática,Universidad Autónoma de San Luis Potosí,ago-22,may-25
888,AF61-CCDA86355C16,DIRECTOR,ESTUDIOS Y PROYECTOS DE INGENIERIA CIVIL  TOPOGRAFIA Y CALIDAD,ene-10,abr-25
889,ABEC-0B60A0FEF856,Responsable del Laboratorio de Materiales de Construcción y de Geotecnia,Facultad de ingenieria área civil (Universidad Autonoma de San Luis Potosi),ago-24,may-25
890,83F0-53BDB2C5E88A,Docente,UNIVERSIDAD AUTÓNOMA DE SAN LUIS POTOSI,ago-24,jun-25
891,9498-2DFD2CB96787,PRESIDENTE DE ACADEMIA DE TOPOGRAFIA Y CONSTRUCCION,UASLP,sep-22,sep-24
892,9498-2DFD2CB96787,PRESIDENTE DE ACADEMIA DE TOPOGRAFIA Y CONSTRUCCION,UASLP,sep-24,sep-26
893,9AE5-47D36683045F,Consejera Maestra Titular ante el H. Consejo Directivo Universitario,UASLP,mar-25,mar-27
894,9AE5-47D36683045F,Consejera Maestra Titular ante el H. Consejo Directivo Universitario,UASLP,mar-23,mar-25
895,9AE5-47D36683045F,Coordinadora del Posgrado en Computación,UASLP,oct-23,sep-25
896,AF96-D1BC7AFA1A2E,Presidente de la Academia de Redes y Ciberseguridad,Facultad de Ingeniería,oct-24,ago-25
897,8FA6-5A5255158C80,Presidente de la Academia de Robótica Inteligente,Facultad de Ingeniería  UASLP,oct-22,sep-24
898,8FA6-5A5255158C80,Secretario de la Academia de Robótica Inteligente,Facultad de Ingeniería  UASLP,oct-24,sep-26
899,8FA6-5A5255158C80,Responsable de Unidad de Investigación en Bioinformática,CICSaB-UASLP,sep-23,jun-25
902,9847-C4B0B0FF4FB1,Secretaria de Academia de Matemáticas para la Computación,Facultad de Ingeniería UASLP,oct-23,oct-24
903,9847-C4B0B0FF4FB1,Secretaria de Academia de Matemáticas para la Computación,Facultad de Ingeniería UASLP,oct-24,oct-26
904,9847-C4B0B0FF4FB1,Lider de Proceso SICAL ,Facultad de Ingeniería UASLP,mar-23,dic-26
909,991C-FA129880F0E0,Presidente de Academia Tecnologías Multiplataforma,UASLP,sep-24,jun-25
910,AB58-C0CFB51A6607,Coordinadora del programa de doble titulación UASLP - UPPA,UASLP,jul-21,jun-25
911,AB58-C0CFB51A6607,Miembro del Comité interno de la Industria 4.0 ,UASLP,sep-22,jun-25
912,AB58-C0CFB51A6607,Consejero Maestro del Área de Investigación y Posgrado (ENE-JUL) - TITULAR,UASLP,ene-24,jul-24
913,AB58-C0CFB51A6607,Consejero Maestro del Área de Investigación y Posgrado (AGO-DIC) ,UASLP,ago-24,dic-24
914,AB58-C0CFB51A6607,Líder del grupo estudiantil - Club de Ciberseguridad,UASLP,sep-21,jun-25
915,AB58-C0CFB51A6607,Miembro del Comité de investigación y desarrollo tecnológico de la facultad,UASLP,ago-23,ago-24
916,AB58-C0CFB51A6607,Miembro del Comité de Tecnología - Proyecto de Internacionalización e Interculturalidad,UASLP,mar-25,jun-25
917,AB58-C0CFB51A6607,Coordinadora del proyecto Unipolhack - Ciberseguridad,UASLP,jun-24,jun-25
918,9ADE-85EA172CC47D,Presidente de la Academia de Matemáticas para la Computación,Universidad Autónoma de San Luis Potosí,sep-24,sep-26
921,BECB-C0B6A90CCD7C,Secretario de la Academia de Ingeniería de Software y Desarrollo Tecnológico,Universidad Autónoma de San Luis Potosí,ene-23,jun-24
922,BECB-C0B6A90CCD7C,Presidente de la Academia de Ingeniería de Software y Desarrollo Tecnológico,Universidad Autónoma de San Luis Potosí,jul-24,jul-25
923,BECB-C0B6A90CCD7C,Difusión de las carreras de Ingeniería en Computación e Ingeniería en Sistemas Inteligentes,ESCUELA PREPARATORIA MATEHUALA DE LA UNIVERSIDAD AUTÓNOMA DE SAN LUIS POTOSÍ,nov-24,nov-24
924,8D45-AE2193E5B62A,Secretario Escolar,Facultad de Ingeniería  UASLP,sep-23,jul-28
925,94D6-EC76BCD5E666,Coordinador de Ingeniería en Informática,Facultad de Ingeniería. Universidad Autónoma de San Luis Potosí,sep-22,oct-23
926,94D6-EC76BCD5E666,Coordinador de Ingeniería en Sistemas Inteligentes,Facultad de Ingeniería. Universidad Autónoma de San Luis Potosí,nov-23,dic-25
927,B0BC-B5007BAAE968,Colaborador del PIDE en el Proyecto 1 Acción 6  CACEI 6 1 ,Área de Ciencias de la Computación de la Facultad de Ingeniería  UASLP.,ene-24,NULL
928,AB17-A16415A0D571,Becario,Universidad Autónoma de San Luis Potosí,ago-17,dic-19
930,B0BC-B5007BAAE968,Instructor y colaborador dentro del Laboratorio de Electrónica y Sistemas Digitales.,Área de Ciencias de la Computación. Facultad de Ingeniería  UASLP.,ene-22,NULL
931,B0BC-B5007BAAE968,Apoyo en el proceso del control de laboratorio para SICAL del Laboratorio de Electrónica y Sistemas Digitales.,Área de Ciencias de la Computación de la Facultad de Ingeniería  UASLP.,ene-22,NULL
932,A16E-C366C2ABBA2E,PROFESOR HORA CLASE,UNIVERSIDAD AUTONOMA DE SAN LUIS POTOSI,ago-24,dic-25
933,A16E-C366C2ABBA2E,PROFESOR HORA CLASE,UNIVERSIDAD AUTONOMA DE SAN LUIS POTOSI,ene-25,jul-25
934,BECB-C0B6A90CCD7C,Organizador de la 5ta Exposición de Proyectos Integradores y Computacionales Expo CiComp primavera 2022,Universidad Autónoma de San Luis Potosí,ene-22,may-22
935,BECB-C0B6A90CCD7C,Organizador de la 6ta Exposición de Proyectos Integradores y Computacionales Expo CiComp otoño 2022,Universidad Autónoma de San Luis Potosí,ago-22,nov-22
936,8A83-0E141216DFFB,Jefa del Área de Ciencias de la Computación,Universidad Autónoma de San Luis Potosí  Facultad de Ingeniería,ene-24,jul-28
937,B5A6-1460745FED4B,Presidente de la Academia de Programación,Área de Ciencias de la Computación  Facultad de Ingeniería  UASLP,sep-22,jul-25
938,B5A6-1460745FED4B,Responsable del Laboratorio de Cómputo del Área de Ciencias de la Computación,Facultad de Ingeniería  UASLP,may-25,jul-25
939,A171-3BA9BB00F6BF,encargada de prácticas profesionales del área de Ingeniería Civil,Facultad de INGENIERÍA,ene-21,jun-25
940,8848-48AE333AF935,Presidente de Academia de Dibujo,Universidad Autonóma de San Lusi Potosí,ago-22,sep-24
941,9DBF-674FF0D16688,Coordinador del Centro de Formación ,Universidad Marista de San Luis Potosí,jul-22,ene-23
944,92D3-DE2FD95F7A75,SECRETARIO DE ACADEMIA DE LA MATERIA DE HUMANIDADES ?A?,Universidad Autónoma de San Luis Potosí ,sep-02,sep-04
945,9715-ABECE3F59367,Integrante de la Junta Suprema de Gobierno de la UASLP,Universidad Autónoma de San Luis Potosí,abr-22,abr-32
946,9715-ABECE3F59367,Secretario de Planeación de la UASLP,Universidad Autónoma de San Luis Potosí,oct-12,mar-22
947,9715-ABECE3F59367,Jefe de la División de Servicios Escolares de la UASLP,Universidad Autónoma de San Luis Potosí,ago-08,oct-12
948,9715-ABECE3F59367,Director de la Facultad de Ingeniería,Universidad Autónoma de San Luis Potosí,jul-96,jun-08
949,9715-ABECE3F59367,Jefe de la División de Servicios Escolares de la UASLP,Universidad Autónoma de San Luis Potosí,ene-95,jun-96
950,9715-ABECE3F59367,Coordinador de la Carrera de Ingeniero Metalurgista,Universidad Autónoma de San Luis Potosí,ago-82,ene-95
953,9ABC-E4D8010678FF,Jefe del Departamento de Telecomunicaciones,UASLP,sep-08,dic-25
954,AF96-2B7070C066E5,Maestro hora clase,Universidad Autónoma de San Luis Potosí,ago-21,ago-25
960,8EF8-283949590703,Organizador del concurso de Programación 2025,Universidad Autónoma de San Luis Potosí  Fac Ciencias,mar-25,mar-25
961,BCFD-58A9A9A139DD,Coordinador del grupo institucional de divulgación,Ingeniosos Divulgando - Facultad de Ingeniería UASLP,may-17,jun-25
962,BCFD-58A9A9A139DD,Jefe del Departamento de Difusión y Divulgación,Facultad de Ingeniería UASLP,ene-24,jun-25
963,BCFD-58A9A9A139DD,Jefe del Laboratorio de Astronomía,Área Civil Facultad de Ingeniería UASLP,ago-16,jun-25
964,96B2-FD6DEF62566D,Instructor,Facultad de Ingeniería Civil de la UASLP,feb-25,ago-25
965,966C-D84AD8EF5342,PRESIDENTE DE ACADEMIA DE ROBÓTICA INTELIGENTE,UNIVERSIDAD AUTÓNOMA DE SAN LUIS POTOSÍ,sep-24,sep-26
966,AB86-2F71F9D859B3,Docente enla materia de urbanismo y organizacion territorial ,Facultad de ingeniería- Heomática ,ago-23,may-25
967,AB86-2F71F9D859B3,Docente en la materia valuación inmobiliaria ,Facultad de ingeniería- Geomática ,ago-23,dic-24
968,AB86-2F71F9D859B3,Docente en la materia Sistemas catastrales ,Facultad de ingeniería- Geomática ,ago-23,may-25
969,AB86-2F71F9D859B3,Docente en la materia de urbanismo y organizacion territorial ,Facultad de ingeniería- Topografia ,ene-25,may-25
970,AB86-2F71F9D859B3,Docente en la materia Dibujo básico ,Facultad del Hábitat ,ago-24,dic-24
971,AB86-2F71F9D859B3,Curso de revit básico ,Facultad de ingeniería,may-25,jun-25
972,9926-1F04C0461704,Jefa de laboratorio de Materiales ,UASLP,ago-09,ago-11
973,9926-1F04C0461704,Secretaria de la Comisión de Dsarrollo Curricular ,UASLP,ago-13,ago-15
974,9926-1F04C0461704,Comite de IMECA Consejo Administrativo,CENEVAL,ago-17,ago-25
975,9926-1F04C0461704,Coordinadora de Ingeniería Mecánica ,UASLP,ago-11,ago-15
976,9926-1F04C0461704,Coordinadora de la maestría en Metalurgía e Ingeniería Materiales ,UASLP,nov-21,nov-23
977,8B57-58A0B378F8A1,Secretaria Académica del Instituto de Metalurgia ,Universidad Autónoma de San Luis Potosí,ene-22,dic-25
978,98FA-102183772081,Presidente de la academia de programación,UASLP,oct-22,oct-24
979,98FA-102183772081,Presidente de la academia de programación,UASLP,oct-24,oct-26
980,98FA-102183772081,Secretario de la academia de matemáticas,UASLP,oct-25,oct-27
981,B07F-8E22B57789DA,Técnico Laboratorista del Laboratorio de Circuitos Eléctricos,Facultad de Ingeniería  Universidad Autónoma de San Luis Potosí,feb-20,feb-22
982,B07F-8E22B57789DA,Responsable de Laboratorio de Circuitos Eléctricos,Facultad de Ingeniería  Universidad Autónoma de San Luis Potosí,feb-22,ago-23
983,9F70-631542E15748,Participación en PLADE 2025,Facultad de Ingeniería de la UASLP,jul-25,jun-26
984,9F70-631542E15748,Asesora externa de la Ing. María Nereida Galván Alonso en tesis de maestría,Colegio de Posgraduados Campus San Luis Potosí,ago-22,feb-25
